NUMBER_OF_NODES,TASKS_PER_NODE,THREADS_PER_TASK,NUM_VPS,SCALE,PLASTIC,T_nrns,T_conns_min,T_conns_max,T_ini_min,T_ini_max,T_equ,T_sim,VSize_mem_sum,VSize_sum,N_spks_sum,Rate_sum,N_nrns,N_conns_sum,d_min,d_max
32,1,1,,320,true,0.78,,,,,,,,,,,,,,
32,1,3,,320,true,0.81,,,,,,,,,,,,,,
32,1,6,,320,true,0.85,,,,,,,,,,,,,,
32,1,9,,320,true,0.84,109.99,116.46,125.93,132.43,30.03,416.97,1671009208,1704563640,24790328,6.871000000000002,3600000,40503601000,1.5,1.5
32,1,18,,320,true,0.96,85.82,97.05,157.77,168.99,17.7,245.37,1672349752,1736050744,24903286,6.797000000000001,3600000,40503601000,1.5,1.5
32,1,36,,320,true,1.09,74.56,78.55,291.37,295.4,12.18,163.08,1675862712,2012783288,24859905,6.888000000000001,3600000,40503601000,1.5,1.5

