NUMBER_OF_NODES,TASKS_PER_NODE,THREADS_PER_TASK,NUM_VPS,SCALE,PLASTIC,T_nrns,T_conns_min,T_conns_max,T_ini_min,T_ini_max,T_equ,T_sim,VSize_mem_sum,VSize_sum,N_spks_sum,Rate_sum,N_nrns,N_conns_sum,d_min,d_max
32,1,1,,320,true,0.69,,,,,,,,,,,,,,
32,1,3,,320,true,0.71,,,,,,,,,,,,,,
32,1,6,,320,true,0.81,,,,,,,,,,,,,,
32,1,9,,320,true,0.85,101.5,106.69,132.29,137.47,29.04,413.0,1679142072,1721347256,24860205,6.825000000000001,3600000,40503601000,1.5,1.5
32,1,18,,320,true,0.92,74.0,77.63,151.66,155.27,16.7,235.21,1694118200,1746284856,24903286,6.797000000000001,3600000,40503601000,1.5,1.5
32,1,36,,320,true,1.17,55.01,57.64,290.03,292.69,11.9,155.65,1684278200,2021952440,24859905,6.888000000000001,3600000,40503601000,1.5,1.5

