NUMBER_OF_NODES,TASKS_PER_NODE,NUM_VPS,THREADS_PER_TASK,SCALE,NUM_VPS,num_tasks,T_network_local,T_network_global_min,T_network_global_max,T_network_global_sum,T_create_min,T_create_max,T_create_sum,T_connect_max,T_connect_min,T_connect_sum,T_ini_min,T_ini_max,T_sim,VSize_sum,VSize_ini_sum,VSize_net_sum,N_spks_sum,N_nrns,N_conns_sum
1,6,36,6,0.0625,36,6,60.406612396240234,39.174684286117554,43.94573950767517,245.08391308784485,1.6140429973602295,1.793022871017456,9.896228790283203,63.141801834106445,53.93040084838867,353.0685565471649,34.92915225028992,34.92928147315979,1118.9127295017242,97630416,97630416,96340056,60363069,258257,1508419407
2,6,72,6,0.125,72,12,58.19216704368591,41.6198844909668,45.21072602272034,510.5109033584595,2.660600423812866,2.9357247352600098,32.802778244018555,62.190842390060425,54.27522039413452,685.7053492069244,40.72096061706543,40.72111368179321,1418.618677854538,201272656,201272656,192799840,119604230,516390,3016843251
4,6,144,6,0.25,144,24,,,,,,,,,,,,,,,,,,,
8,6,288,6,0.5,288,48,66.3545982837677,53.50022053718567,57.826488733291626,2621.3908565044403,8.842597961425781,9.58664345741272,441.41728925704956,65.11797904968262,55.19697022438049,2814.1693983078003,43.71881365776062,43.71921253204346,2158.9372169971466,856769304,856769304,770946640,486924029,2065150,12067386057
16,6,576,6,1.0,576,96,78.71434259414673,68.85148525238037,73.44695281982422,6731.189756393433,16.76207661628723,18.02393937110901,1681.8899524211884,64.31081867218018,53.77051758766174,5532.917196035385,34.58293175697327,34.60181283950806,60.16393995285034,1582645624,1582645624,1522870248,5553407,4130179,24134776576
32,6,1152,6,2.0,1152,192,,,,,,,,,,,,,,,,,,,

