NUMBER_OF_NODES,TASKS_PER_NODE,NUM_VPS,THREADS_PER_TASK,SCALE,NUM_VPS,num_tasks,T_network_local,T_network_global_min,T_network_global_max,T_network_global_sum,T_create_min,T_create_max,T_create_sum,T_connect_max,T_connect_min,T_connect_sum,T_ini_min,T_ini_max,T_sim,VSize_sum,VSize_ini_sum,VSize_net_sum,N_spks_sum,N_nrns,N_conns_sum
1,6,36,6,0.0625,36,6,61.687019825,40.5390198231,44.6926398277,248.6398441792,1.5983645916,1.8617630005,9.9668059349,64.416121006,57.034265995,357.007175684,35.1169612408,35.1171252728,1104.7693860531,97525968,97525968,96241752,60363069,258257,1508419407
2,6,72,6,0.125,72,12,58.1921670437,41.619884491,45.2107260227,510.5109033585,2.6606004238,2.9357247353,32.802778244,62.1908423901,54.2752203941,685.7053492069,40.7209606171,40.7211136818,1418.6186778545,201272656,201272656,192799840,119604230,516390,3016843251
4,6,144,6,0.25,144,24,59.7796149254,45.733843565,47.9138205051,1116.2673208714,4.7433080673,4.9934334755,116.8618247509,63.7675974369,54.2990376949,1383.3344643116,41.5096244812,41.5110344887,1676.2524409294,411270728,410613320,385569896,242952584,1032642,6033690822
8,6,288,6,0.5,288,48,65.3219792843,53.3037660122,57.4462475777,2613.3646240234,8.7348906994,9.5537698269,441.5522093773,63.8325619698,54.4266400337,2805.2633976936,45.8107452393,45.8110105991,2051.3722567558,856150808,856150808,771077712,486924029,2065150,12067386057
16,6,576,6,1,576,96,73.273475647,68.7907092571,73.5306110382,6727.9015555382,16.539383173,17.9594318867,1681.5382738113,63.633408308,53.8932116032,5544.308324337,37.8999361992,37.9063634872,62.1431024075,1582645624,1582645624,1522870248,5553407,4130179,24134776576
32,6,1152,6,2,1152,192,101.4857993126,100.0675315857,105.0791919231,19497.6419847012,29.2078065872,31.1381590366,5874.8505578041,70.517336607,58.5127780437,12135.0502259731,66.3770496845,66.4334244728,3403.2366769314,3723184440,3723184440,3085618712,1918935588,8260233,48269557645
