NUMBER_OF_NODES,TASKS_PER_NODE,NUM_VPS,THREADS_PER_TASK,SCALE,NUM_VPS,num_tasks,T_network_local,T_network_global_min,T_network_global_max,T_network_global_sum,T_create_min,T_create_max,T_create_sum,T_connect_max,T_connect_min,T_connect_sum,T_ini_min,T_ini_max,T_sim,VSize_sum,VSize_ini_sum,VSize_net_sum,N_spks_sum,N_nrns,N_conns_sum
1,6,36,6,0.0625,36,6,376.352298975,64.8832614422,68.1806812286,395.2416880131,312.0781075954,320.6237454414,1908.7987835407,64.1797103882,55.5753350258,348.697507143,32.0828630924,32.0833110809,1074.1842889786,98049208,98049208,96343104,60539406,258258,1508419407
2,6,72,6,0.125,72,12,390.652264595,105.6531910896,110.1587479115,1290.9867799282,327.1735622883,339.6286122799,4012.2624306679,65.3803677559,53.1582186222,688.5892162323,35.1270406246,35.1273822784,1374.1917283535,198896928,198620448,192674864,121689362,516391,3016843251
4,6,144,6,0.25,144,24,394.6473498344,187.8149034977,196.355183363,4598.1958172321,326.4212286472,344.1122102737,8032.4022917748,68.5399730206,58.2678647041,1478.1746373177,37.1538841724,37.1575529575,1612.6674058437,412153320,410998248,385483784,242533311,1032643,6033690822
8,6,288,6,0.5,288,48,403.5226202011,347.2304031849,360.5648772717,16972.6566493511,328.6342289448,345.5306379795,16198.1557722092,73.8146660328,62.1806013584,3180.8293843269,42.7079489231,42.7086524963,1962.8109946251,869509720,869509720,793122328,485965655,2065151,12067386057
16,6,576,6,1,576,96,415.370929718,662.8307640553,689.4965829849,64649.679628849,332.2788395882,359.9949190617,33057.442820549,85.1940217018,70.2001304626,7137.857847929,34.7468798161,34.7515692711,65.2612183094,1680556024,1680556024,1617241976,5574566,4130180,24134776576
32,6,1152,6,2,1152,192,465.390437603,1347.3952069283,1393.2127928734,262014.012167931,347.8606543541,380.0737233162,69576.1199736595,108.1507570744,90.678771019,18765.4978852272,62.9840056896,62.9871354103,3295.841053009,4097631800,4097631800,3550891320,1936676440,8260234,48269557645
