NUMBER_OF_NODES,TASKS_PER_NODE,NUM_VPS,THREADS_PER_TASK,SCALE,NUM_VPS,num_tasks,T_network_local,T_network_global_min,T_network_global_max,T_network_global_sum,T_create_min,T_create_max,T_create_sum,T_connect_max,T_connect_min,T_connect_sum,T_ini_min,T_ini_max,T_sim,VSize_sum,VSize_ini_sum,VSize_net_sum,N_spks_sum,N_nrns,N_conns_sum
1,6,36,6,0.0625,36,6,371.91804695129395,64.28908395767212,67.6108911037445,393.4331021308899,306.9471607208252,321.4068875312805,1888.1472215652466,64.85732412338257,50.13292217254639,342.37251114845276,32.54943633079529,32.5499050617218,1109.7845838069916,98215096,98215096,96343104,60539406,258258,1508419407
2,6,72,6,0.125,72,12,376.34243416786194,105.64006876945496,109.9887592792511,1285.2854113578796,314.8734290599823,324.94527983665466,3851.332609653473,63.08218502998352,55.230247020721436,689.6497118473053,35.11934733390808,35.12084627151489,1388.385154247284,200279328,199177504,192773168,121689362,516391,3016843251
4,6,144,6,0.25,144,24,404.1839051246643,187.05017232894897,195.84662055969238,4578.073133468628,329.9763858318329,347.6191415786743,8207.045684576035,70.81233310699463,57.24764561653137,1470.2307302951813,37.31779909133911,37.32268404960632,1633.0690548419952,413347304,412376552,385549320,242533311,1032643,6033690822
8,6,288,6,0.5,288,48,404.1913206577301,347.01106119155884,362.1864767074585,16954.750067472458,328.64422512054443,351.62508845329285,16367.628648757935,75.81154012680054,59.580162048339844,3167.1017293930054,47.875123500823975,48.46290564537048,2385.635369539261,867619416,867619416,793122328,485965655,2065151,12067386057
16,6,576,6,1.0,576,96,415.3709297180176,662.8307640552521,689.4965829849243,64649.67962884903,332.2788395881653,359.99491906166077,33057.44282054901,85.19402170181274,70.20013046264648,7137.857847929001,34.7468798160553,34.75156927108765,65.26121830940247,1680556024,1680556024,1617241976,5574566,4130180,24134776576
32,6,1152,6,2.0,1152,192,,,,,,,,,,,,,,,,,,,

