NUMBER_OF_NODES,TASKS_PER_NODE,THREADS_PER_TASK,SCALE,NUM_VPS,hash,num_tasks,T_nrns,T_conns_avg,T_conns_min,T_conns_max,T_conns_sum,T_ini_min,T_ini_max,T_sim,VSize_nodes_sum,VSize_mem_sum,VSize_ini_sum,VSize_sum,N_spks_sum,N_nrns,N_conns_sum
1,6,6,0.0625,36,acd429db3b9ab17b5f5391184e500dc6,6,0.82,158.55166666666665,158.27,158.63,951.31,6.13,6.13,39.98,1954200,20843928,25361816,25361816,560690,77169,345443323
2,6,6,0.125,72,acd429db3b9ab17b5f5391184e500dc6,12,1.31,193.47916666666666,193.28,193.83,2321.75,6.94,6.95,47.49,4986592,44222176,52160224,52160224,1234143,154338,690927633
4,6,6,0.25,144,acd429db3b9ab17b5f5391184e500dc6,24,1.62,225.0325,224.53,225.39,5400.78,7.4,7.4,78.25,11745640,93006184,111868264,111868264,2725785,308676,1381963143
8,6,6,0.5,288,acd429db3b9ab17b5f5391184e500dc6,48,3.86,330.7487499999998,330.28,331.3,15875.939999999991,8.19,8.21,129.23,31752272,168770160,222290264,222290264,5629041,617352,2763938640
16,6,6,1.0,576,acd429db3b9ab17b5f5391184e500dc6,96,7.2,516.5534375,516.21,517.3,49589.13,10.95,10.98,221.36,104612712,350668712,491296120,491296120,10859878,1234704,5527888387
32,6,6,2.0,1152,acd429db3b9ab17b5f5391184e500dc6,192,20.87,935.6601562500003,934.87,937.06,179646.75000000006,14.55,14.62,463.71,369325592,863182488,1303978552,1303978552,21690611,2469408,11055874121

