NUMBER_OF_NODES,TASKS_PER_NODE,THREADS_PER_TASK,SCALE,NUM_VPS,hash,num_tasks,T_nrns,T_conns_avg,T_conns_min,T_conns_max,T_conns_sum,T_ini_min,T_ini_max,T_sim,VSize_nodes_sum,VSize_mem_sum,VSize_ini_sum,VSize_sum,N_spks_sum,N_nrns,N_conns_sum
1,6,6,0.0625,36,acd429db3b9ab17b5f5391184e500dc6,6,0.55,169.435,169.1,169.6,1016.61,6.05,6.05,37.22,1875288,20841816,25091416,25091416,560690,77169,345443323
2,6,6,0.125,72,acd429db3b9ab17b5f5391184e500dc6,12,0.94,193.39916666666667,193.27,193.8,2320.79,6.66,6.67,47.73,4828768,44211808,51990112,51990112,1231702,154338,690927633
4,6,6,0.25,144,acd429db3b9ab17b5f5391184e500dc6,24,2.18,227.26083333333335,226.92,227.61,5454.26,7.27,7.28,66.98,11429992,92997736,111695976,111695976,2725785,308676,1381963143
8,6,6,0.5,288,acd429db3b9ab17b5f5391184e500dc6,48,3.88,330.61979166666663,330.18,331.07,15869.749999999998,8.02,8.04,127.34,31120976,168753264,221278040,221278040,5629041,617352,2763938640
16,6,6,1.0,576,acd429db3b9ab17b5f5391184e500dc6,96,7.97,519.5758333333332,519.27,520.32,49879.279999999984,10.44,10.46,232.98,103350120,350751656,491608440,491608440,10859878,1234704,5527888387
32,6,6,2.0,1152,acd429db3b9ab17b5f5391184e500dc6,192,21.36,927.114583333333,926.42,928.16,178005.99999999994,13.87,13.95,483.64,366800408,863071896,1301922360,1301922360,21690611,2469408,11055874121

