NUMBER_OF_NODES,TASKS_PER_NODE,THREADS_PER_TASK,num_tasks,NUM_VPS,SCALE,PLASTIC,T_nrns,T_conns_min,T_conns_max,T_ini_min,T_ini_max,T_equ,T_sim,VSize_nodes_sum,VSize_mem_sum,VSize_ini_sum,VSize_sum,N_spks_sum,Rate_sum,N_nrns,N_conns_sum,d_min,d_max
1,6,6,6,36,20,false,0.42,53.56,58.12,45.38,49.94,12.0,134.7,1927392,74810592,89642328,89642328,1751845,7.771,225000,2531476000,0.1,50.0
2,6,6,12,72,40,false,0.4,51.74,60.46,46.95,55.68,11.61,133.91,4023664,149790064,179453536,179453536,3429891,7.708,450000,5062951000,0.1,50.0
4,6,6,24,144,80,false,0.35,52.82,58.42,46.63,52.23,12.96,147.27,8050312,299583112,359094376,359094376,6971289,7.863,900000,10125901000,0.1,50.0
8,6,6,48,288,160,false,0.42,52.01,61.03,50.14,59.17,15.25,167.28,16104080,599169680,743378776,743378776,13915620,7.747999999999998,1800000,20251801000,0.1,50.0
16,6,6,96,576,320,false,0.44,52.04,62.2,66.64,76.78,19.54,221.18,32421864,1211135976,1488753016,1488753016,27837941,7.7780000000000005,3600000,40503601000,0.1,50.0
32,6,6,192,1152,640,false,0.45,52.05,61.55,85.56,95.1,31.29,353.64,65888024,2473451288,3029275192,3029275192,55858624,7.775,7200000,81007201000,0.1,50.0

