NUMBER_OF_NODES,TASKS_PER_NODE,THREADS_PER_TASK,num_tasks,NUM_VPS,SCALE,PLASTIC,T_nrns,T_conns_min,T_conns_max,T_conns_sum,T_ini_min,T_ini_max,T_equ,T_sim,VSize_nodes_sum,VSize_mem_sum,VSize_ini_sum,VSize_sum,N_spks_sum,Rate_sum,N_nrns,N_conns_sum,d_min,d_max
1,6,6,6,36,20,true,0.48,57.5,63.27,351.61999999999995,43.84,49.63,13.4,199.47,1929504,105483552,106282392,106405272,1608648,7.047000000000001,225000,2531476000,1.5,1.5
2,6,6,12,72,40,true,0.33,57.56,64.07,709.0799999999999,43.86,50.35,13.42,198.32,4027888,211135984,212979424,212979424,3135174,6.959999999999999,450000,5062951000,1.5,1.5
4,6,6,24,144,80,true,0.41,57.99,67.07,1431.8799999999999,45.32,54.4,14.19,206.91,8058760,422274952,438925672,438925672,6275303,6.866,900000,10125901000,1.5,1.5
8,6,6,48,288,160,true,0.41,55.84,65.08,2812.6699999999996,48.59,57.86,15.47,214.72,16120976,844553360,879030616,879030616,12382325,6.755,1800000,20251801000,1.5,1.5
16,6,6,96,576,320,true,0.49,55.3,69.33,5612.660000000001,59.38,73.4,17.14,235.27,32455656,1689320424,1830589816,1830589816,24903286,6.797000000000001,3600000,40503601000,1.5,1.5
32,6,6,192,1152,640,true,0.45,55.61,69.22,11341.559999999996,79.83,93.44,19.87,274.97,65955608,3379488536,4087552568,4087552568,49699733,6.711999999999996,7200000,81007201000,1.5,1.5

