NUMBER_OF_NODES,TASKS_PER_NODE,THREADS_PER_TASK,SCALE,PLASTIC,RULE,NUM_VPS,num_tasks,T_nrns,T_conns_min,T_conns_max,T_conns_sum,T_ini_min,T_ini_max,T_equ,T_sim,VSize_nodes_sum,VSize_mem_sum,VSize_ini_sum,VSize_sum,N_spks_sum,Rate_sum,N_nrns,N_conns_sum,d_min,d_max
1,6,6,2,true,in,36,6,0.09,1.13,1.49,7.2299999999999995,1.14,1.57,0.68,8.35,1506504,3785928,4332864,4517184,572692,25.552,22500,50648500,1.5,1.5
2,6,6,4,true,in,72,12,0.08,2.21,2.67,28.119999999999997,2.44,2.89,0.78,9.77,3132736,11304256,12834352,13356592,669893,14.881999999999998,45000,202546000,1.5,1.5
4,6,6,8,true,in,144,24,0.12,4.54,5.42,114.26999999999998,4.1,4.98,0.87,10.98,6268456,41485864,43108360,44441608,761147,8.522,90000,810091000,1.5,1.5
8,6,6,16,true,in,288,48,0.2,5.4,6.67,277.76,5.47,6.75,1.0,12.18,12540368,97524176,109373080,112168600,1284728,7.152000000000001,180000,2025181000,1.5,1.5
16,6,6,32,true,in,576,96,0.26,5.48,6.8,557.3900000000001,5.87,7.19,1.05,13.61,25556584,195262056,244740088,244740088,2514326,7.005000000000001,360000,4050361000,1.5,1.5
32,6,6,64,true,in,1152,192,0.3,5.42,6.81,1115.259999999999,6.88,8.29,2.2,19.23,53009432,391371800,606760760,606760760,5015515,7.068999999999994,720000,8100721000,1.5,1.5

