NUMBER_OF_NODES,TASKS_PER_NODE,THREADS_PER_TASK,num_tasks,NUM_VPS,SCALE,PLASTIC,T_nrns,T_conns_min,T_conns_max,T_conns_sum,T_ini_min,T_ini_max,T_equ,T_sim,VSize_nodes_sum,VSize_mem_sum,VSize_ini_sum,VSize_sum,N_spks_sum,Rate_sum,N_nrns,N_conns_sum,d_min,d_max
1,6,6,6,36,1,true,0.07,0.27,0.44,1.87,0.37,0.54,0.28,3.63,1463520,1955040,2732376,2865496,459902,40.893,11250,12668500,1.5,1.5
2,6,6,12,72,2,true,0.06,0.54,0.62,6.79,0.63,0.76,0.38,4.47,3132784,5479792,6903392,7736928,588372,26.041999999999994,22500,50648500,1.5,1.5
4,6,6,24,144,4,true,0.14,1.09,1.29,27.519999999999996,1.24,1.43,0.48,5.2,6268552,15386248,18786408,19898472,672478,14.746000000000002,45000,202546000,1.5,1.5
8,6,6,48,288,8,true,0.08,2.14,2.49,108.16999999999997,2.45,2.79,0.44,6.19,12540560,45226640,54626136,58500952,795523,8.758999999999999,90000,810091000,1.5,1.5
16,6,6,96,576,16,true,0.51,2.65,3.11,268.28000000000003,3.45,3.9,0.52,6.94,25294824,105215976,143176056,146125176,1306706,7.056000000000003,180000,2025181000,1.5,1.5
32,6,6,192,1152,32,true,1.55,2.61,3.12,534.3900000000002,4.06,4.57,1.67,16.91,53010200,213376792,324092472,325976632,2521136,7.038999999999994,360000,4050361000,1.5,1.5

