NUMBER_OF_NODES,TASKS_PER_NODE,THREADS_PER_TASK,num_tasks,NUM_VPS,SCALE,PLASTIC,T_nrns,T_conns_min,T_conns_max,T_conns_sum,T_ini_min,T_ini_max,T_equ,T_sim,VSize_nodes_sum,VSize_mem_sum,VSize_ini_sum,VSize_sum,N_spks_sum,Rate_sum,N_nrns,N_conns_sum,d_min,d_max
36,36,1,1296,1296,720,true,0.96,22.35,29.35,29838.47000000004,,,,,577552348,4269555676,,,,,,,,
36,12,3,432,1296,720,true,2.01,39.06,58.21,18576.949999999997,48.88,68.03,20.27,267.56,136761700,3859288420,4815224872,4817590312,55884785,7.050999999999984,8100000,91133101000,1.5,1.5
36,6,6,216,1296,720,true,0.78,55.13,64.88,12424.79,87.21,96.96,20.64,280.08,74138980,3801863524,4594257640,4595568360,55884785,7.050999999999996,8100000,91133101000,1.5,1.5
36,4,9,144,1296,720,true,0.69,57.37,65.4,8664.440000000002,131.38,139.39,21.57,274.97,59716984,3786814840,4545566952,4545566952,55884785,7.051,8100000,91133101000,1.5,1.5
36,2,18,72,1296,720,true,1.19,76.23,81.64,5674.630000000002,428.48,433.92,22.09,291.15,43850904,3782372504,4485242984,4485242984,55884785,7.051,8100000,91133101000,1.5,1.5
36,1,36,36,1296,720,true,2.01,111.2,115.04,4069.480000000001,1419.32,1423.17,29.79,380.07,37270120,3787500136,4486605416,4486605416,55884785,7.051,8100000,91133101000,1.5,1.5