NUMBER_OF_NODES,TASKS_PER_NODE,THREADS_PER_TASK,num_tasks,NUM_VPS,SCALE,PLASTIC,T_nrns,T_conns_min,T_conns_max,T_conns_sum,T_ini_min,T_ini_max,T_equ,T_sim,VSize_nodes_sum,VSize_mem_sum,VSize_ini_sum,VSize_sum,N_spks_sum,Rate_sum,N_nrns,N_conns_sum,d_min,d_max
1,6,6,6,36,20,false,0.41,54.94,60.36,343.1,44.56,49.95,11.88,133.41,1929504,74812704,89675160,89675160,1751845,7.770999999999999,225000,2531476000,0.1,50.0
2,6,6,12,72,40,false,0.42,52.7,61.95,659.34,44.99,54.26,11.59,133.37,4027888,149794288,179519200,179519200,3429891,7.707999999999999,450000,5062951000,0.1,50.0
4,6,6,24,144,80,false,0.46,53.21,59.65,1330.8800000000003,45.86,52.21,13.21,150.32,8058760,299591560,360423784,360423784,6971289,7.863,900000,10125901000,0.1,50.0
8,6,6,48,288,160,false,0.36,52.79,63.07,2663.26,50.47,60.75,15.22,167.96,16120976,605478032,743549272,743549272,13915620,7.747999999999998,1800000,20251801000,0.1,50.0
16,6,6,96,576,320,false,0.5,52.55,62.28,5329.04,61.31,71.05,19.82,210.08,32455656,1236335592,1488786808,1488786808,27837941,7.778000000000003,3600000,40503601000,0.1,50.0
32,6,6,192,1152,640,false,0.51,52.62,62.59,10631.309999999996,84.25,94.2,27.8,301.06,65955608,2473518872,3024493112,3024493112,55858624,7.775,7200000,81007201000,0.1,50.0

