NUMBER_OF_NODES,TASKS_PER_NODE,THREADS_PER_TASK,num_tasks,NUM_VPS,SCALE,PLASTIC,T_nrns,T_conns_min,T_conns_max,T_conns_sum,T_ini_min,T_ini_max,T_equ,T_sim,VSize_nodes_sum,VSize_mem_sum,VSize_ini_sum,VSize_sum,N_spks_sum,Rate_sum,N_nrns,N_conns_sum,d_min,d_max
1,6,6,6,36,20,true,0.32,54.22,57.74,331.3,42.41,45.85,16.47,191.35,1927392,105481440,106218840,106446168,1608648,7.047000000000001,225000,2531476000,1.5,1.5
2,6,6,12,72,40,true,0.36,53.3,57.91,659.53,44.44,49.06,13.46,190.88,4023664,211131760,213392992,213392992,3135174,6.959999999999999,450000,5062951000,1.5,1.5
4,6,6,24,144,80,true,0.45,54.24,59.55,1341.1899999999998,45.74,51.06,14.31,198.68,8050312,422266504,438818920,438818920,6275303,6.866000000000001,900000,10125901000,1.5,1.5
8,6,6,48,288,160,true,0.44,53.63,60.31,2669.22,49.4,56.08,15.59,217.64,16104080,844536464,879136600,879136600,12512534,6.850999999999999,1800000,20251801000,1.5,1.5
16,6,6,96,576,320,true,0.44,52.9,60.54,5296.949999999996,61.42,69.05,17.56,242.2,32421864,1689286632,1832014200,1832014200,24903286,6.797000000000002,3600000,40503601000,1.5,1.5
32,6,6,192,1152,640,true,0.45,52.32,60.43,10552.150000000009,80.65,88.75,21.73,284.65,65888024,3379420952,4084863544,4084863544,49699733,6.711999999999999,7200000,81007201000,1.5,1.5

