NUMBER_OF_NODES,TASKS_PER_NODE,THREADS_PER_TASK,num_tasks,NUM_VPS,SCALE,PLASTIC,T_nrns,T_conns_min,T_conns_max,T_conns_sum,T_ini_min,T_ini_max,T_equ,T_sim,VSize_nodes_sum,VSize_mem_sum,VSize_ini_sum,VSize_sum,N_spks_sum,Rate_sum,N_nrns,N_conns_sum,d_min,d_max
1,6,6,6,36,20,true,0.4,54.23,59.96,333.84999999999997,42.98,48.75,13.29,192.32,1927392,105481440,106188120,106403160,1608648,7.047000000000001,225000,2531476000,1.5,1.5
2,6,6,12,72,40,true,0.32,54.0,58.24,661.13,43.77,48.09,13.25,190.23,4023664,211131760,212913760,212913760,3135174,6.959999999999999,450000,5062951000,1.5,1.5
4,6,6,24,144,80,true,0.34,54.08,61.05,1348.7299999999998,44.76,51.72,14.32,198.57,8050312,422266504,438837352,438837352,6275303,6.866000000000001,900000,10125901000,1.5,1.5
8,6,6,48,288,160,true,4.48,52.85,60.73,2660.7100000000005,48.81,56.8,15.1,209.72,16104080,844536464,878983000,878983000,12512534,6.850999999999998,1800000,20251801000,1.5,1.5
16,6,6,96,576,320,true,0.36,52.55,60.61,5310.370000000002,60.67,68.73,16.62,232.72,32421864,1689286632,1823052152,1823052152,24903286,6.7970000000000015,3600000,40503601000,1.5,1.5
32,6,6,192,1152,640,true,0.71,51.99,60.88,10557.270000000002,79.27,88.16,20.04,266.62,65888024,3379420952,4074377784,4074377784,49699733,6.711999999999994,7200000,81007201000,1.5,1.5

