NUMBER_OF_NODES,TASKS_PER_NODE,THREADS_PER_TASK,SCALE,PLASTIC,RULE,NUM_VPS,num_tasks,T_nrns,T_conns_min,T_conns_max,T_conns_sum,T_ini_min,T_ini_max,T_equ,T_sim,VSize_nodes_sum,VSize_mem_sum,VSize_ini_sum,VSize_sum,N_spks_sum,Rate_sum,N_nrns,N_conns_sum,d_min,d_max
1,6,6,5,true,sym-bern,36,6,0.21,113.24,114.74,683.65,21.51,23.02,301.22,35.65,1557792,14368032,21224856,21224856,739547,1640.5,56250,316479738,1.5,1.5
2,6,6,10,true,sym-bern,72,12,0.16,456.59,461.43,5510.170000000001,50.38,55.21,603.17,72.41,3235312,55692784,75671264,75671264,1525430,1694.9,112500,1265758536,1.5,1.5
4,6,6,20,true,sym-bern,144,24,0.16,1224.77,1236.86,29505.74,55.84,67.99,642.5,76.24,6473608,111388552,194941288,194941288,3050201,1694.3999999999996,225000,2531520650,1.5,1.5
8,6,6,40,true,sym-bern,288,48,0.25,3753.1,3778.39,180753.27000000002,58.74,84.01,664.78,79.92,13114512,222043280,399929688,399929688,6101414,1694.5000000000002,450000,5062969244,1.5,1.5
16,6,6,80,true,sym-bern,576,96,0.3,,,,,,,,27098088,,,,,,,,,
32,6,6,160,true,sym-bern,1152,192,0.37,,,,,,,,55043864,,,,,,,,,

