NUMBER_OF_NODES,TASKS_PER_NODE,THREADS_PER_TASK,SCALE,PLASTIC,NBLOCKS,NUM_VPS,num_tasks,T_nrns,T_conns_min,T_conns_max,T_ini_min,T_ini_max,T_equ,T_sim,VSize_nodes_sum,VSize_mem_sum,VSize_ini_sum,VSize_sum,N_spks_sum,Rate_sum,N_nrns,N_conns_sum,d_min,d_max
1,6,6,20,true,1000,36,6,0.44,96.32,105.99,40.29,50.0,4.69,51.97,1929504,105483552,106251672,106589592,450479,0.873,225000,2520451000,1.0,1.5
2,6,6,40,true,1000,72,12,0.49,97.72,106.21,41.39,49.88,5.83,111.01,4027888,211135984,215201504,219066080,2083073,3.2889999999999993,450000,5040901000,1.0,1.5
4,6,6,80,true,1000,144,24,0.46,100.38,109.74,42.1,51.46,6.96,182.83,8058760,422274952,437899624,461025640,5572546,4.654000000000001,900000,10081801000,1.0,1.5
8,6,6,160,true,1000,288,48,0.41,105.15,116.71,45.54,57.12,8.91,264.55,16120976,844553360,876112216,993702232,11969889,4.921000000000001,1800000,20163601000,1.0,1.5
16,6,6,320,true,1000,576,96,0.61,115.53,125.04,55.34,64.89,15.02,315.09,32455656,1689320424,1797117304,2015198584,26170025,5.654999999999999,3600000,40327201000,1.0,1.5
32,6,6,640,true,1000,1152,192,1.98,136.55,149.68,73.07,86.26,18.12,329.74,65955608,3379488536,4038400568,4301648440,48653781,5.098999999999996,7200000,80654401000,1.0,1.5

