NUMBER_OF_NODES,TASKS_PER_NODE,THREADS_PER_TASK,num_tasks,NUM_VPS,SCALE,PLASTIC,T_nrns,T_conns_min,T_conns_max,T_conns_sum,T_ini_min,T_ini_max,T_equ,T_sim,VSize_nodes_sum,VSize_mem_sum,VSize_ini_sum,VSize_sum,N_spks_sum,Rate_sum,N_nrns,N_conns_sum,d_min,d_max
1,36,1,36,36,20,true,0.88,26.59,27.45,961.4500000000002,14.96,15.82,9.4,157.17,14931792,117782352,126633600,126633600,1608648,7.047000000000001,225000,2531476000,1.5,1.5
1,12,3,12,36,20,true,0.44,44.5,52.86,576.83,33.05,41.31,13.08,192.77,3330432,106881408,109019952,109542192,1608648,7.046999999999999,225000,2531476000,1.5,1.5
1,6,6,6,36,20,true,1.57,58.02,63.98,359.68,42.33,48.2,13.65,199.27,1929504,105483552,106282392,106374552,1608648,7.047000000000001,225000,2531476000,1.5,1.5
1,4,9,4,36,20,true,0.55,60.08,65.26,248.58999999999997,64.84,70.02,13.28,195.65,1599056,105129552,105478980,105589572,1608648,7.047000000000001,225000,2531476000,1.5,1.5
1,2,18,2,36,20,true,0.94,76.86,80.39,157.25,92.64,96.18,13.79,202.21,1188384,104846880,106060780,106079212,1608648,7.047000000000001,225000,2531476000,1.5,1.5
1,1,36,1,36,20,true,1.85,100.01,100.01,100.01,104.2,104.2,20.44,287.49,1017544,105190600,105714888,105714888,1608648,7.047,225000,2531476000,1.5,1.5

