NUMBER_OF_NODES,TASKS_PER_NODE,THREADS_PER_TASK,num_tasks,NUM_VPS,SCALE,PLASTIC,T_nrns,T_conns_min,T_conns_max,T_conns_sum,T_ini_min,T_ini_max,T_equ,T_sim,VSize_nodes_sum,VSize_mem_sum,VSize_ini_sum,VSize_sum,N_spks_sum,Rate_sum,N_nrns,N_conns_sum,d_min,d_max
1,36,1,36,36,20,true,0.41,24.65,26.04,893.5600000000001,15.33,16.72,9.28,153.27,14931648,117782208,126633456,126633456,1608648,7.047000000000002,225000,2531476000,1.5,1.5
1,12,3,12,36,20,true,0.19,41.83,49.38,546.5300000000001,32.97,40.42,13.11,189.26,3330432,106881408,108884784,109364016,1608648,7.046999999999999,225000,2531476000,1.5,1.5
1,6,6,6,36,20,true,0.37,57.43,63.27,352.73,42.98,48.83,13.22,196.89,1929504,105483552,106313112,106466712,1608648,7.047000000000001,225000,2531476000,1.5,1.5
1,4,9,4,36,20,true,0.49,59.84,65.78,245.88000000000002,60.65,66.56,13.28,198.7,1599056,105129552,105552704,105632576,1608648,7.047,225000,2531476000,1.5,1.5
1,2,18,2,36,20,true,0.98,75.64,81.43,157.07,92.34,98.11,14.02,202.68,1188384,104846880,106603504,106628080,1608648,7.047000000000001,225000,2531476000,1.5,1.5
1,1,36,1,36,20,true,1.92,97.69,97.69,97.69,105.14,105.14,20.48,291.97,1017544,105190600,105714888,105714888,1608648,7.047,225000,2531476000,1.5,1.5

