NUMBER_OF_NODES,TASKS_PER_NODE,THREADS_PER_TASK,SCALE,PLASTIC,RULE,NUM_VPS,num_tasks,T_nrns,T_conns_min,T_conns_max,T_conns_sum,T_ini_min,T_ini_max,T_equ,T_sim,VSize_nodes_sum,VSize_mem_sum,VSize_ini_sum,VSize_sum,N_spks_sum,Rate_sum,N_nrns,N_conns_sum,d_min,d_max
1,6,6,5,true,tot,36,6,0.13,2.04,2.04,12.239999999999998,0.05,0.05,0.25,0.03,1558200,1635000,2085680,2085680,58208,105.29999999999998,56250,182000,1.5,1.5
2,6,6,10,true,tot,72,12,0.16,7.2,7.27,86.89,0.11,0.12,0.47,0.03,3236128,3512608,4083728,4090896,116436,103.5,112500,362000,1.5,1.5
4,6,6,20,true,tot,144,24,0.27,27.22,27.26,653.98,0.14,0.14,0.4,0.03,6475240,7028200,7422408,7440328,233066,103.80000000000003,225000,722000,1.5,1.5
8,6,6,40,true,tot,288,48,0.19,108.03,108.12,5188.49,0.19,0.2,0.69,0.05,13117776,14059856,14900760,14925848,466105,105.1,450000,1442000,1.5,1.5
16,6,6,80,true,tot,576,96,0.29,435.3,435.39,41796.19999999997,0.34,0.35,1.0,0.05,27104616,28333416,29954296,30015224,932320,103.39999999999996,900000,2882000,1.5,1.5
32,6,6,160,true,tot,1152,192,0.29,1745.64,1745.74,335179.6399999997,0.29,0.3,0.72,0.06,55056920,59873816,63276856,63276856,1864168,103.49999999999994,1800000,5762000,1.5,1.5

