NUMBER_OF_NODES,TASKS_PER_NODE,THREADS_PER_TASK,SCALE,PLASTIC,RULE,NUM_VPS,num_tasks,T_nrns,T_conns_min,T_conns_max,T_conns_sum,T_ini_min,T_ini_max,T_equ,T_sim,VSize_nodes_sum,VSize_mem_sum,VSize_ini_sum,VSize_sum,N_spks_sum,Rate_sum,N_nrns,N_conns_sum,d_min,d_max
1,6,6,2,true,sym-bern,36,6,0.21,16.88,18.6,106.75999999999999,2.83,4.55,42.65,4.99,1506504,3785928,6851904,7640384,300903,1671.4,22500,50630900,1.5,1.5
2,6,6,4,true,sym-bern,72,12,0.12,67.6,72.22,822.44,8.06,12.71,84.51,9.77,3132736,11648320,23930416,23930416,592776,1647.6000000000001,45000,202552624,1.5,1.5
4,6,6,8,true,sym-bern,144,24,0.19,278.88,299.4,6765.759999999999,16.68,37.24,174.1,20.64,6268456,41485864,81756168,81756168,1189568,1650.4,90000,810080142,1.5,1.5
8,6,6,16,true,sym-bern,288,48,0.08,858.37,868.88,41410.850000000006,24.13,34.66,223.17,26.5,12540368,98470352,249554584,249554584,2440456,1695.9000000000008,180000,2025181178,1.5,1.5
16,6,6,32,true,sym-bern,576,96,0.25,2551.34,2620.08,246102.31,26.72,95.46,243.55,28.9,25556584,195999336,504745976,504745976,4881189,1694.9000000000008,360000,4050253288,1.5,1.5
32,6,6,64,true,sym-bern,1152,192,0.17,8490.88,8557.27,1626687.1300000001,,,,,53009432,430407432,,,,,,,,

