NUMBER_OF_NODES,TASKS_PER_NODE,THREADS_PER_TASK,SCALE,PLASTIC,RULE,NUM_VPS,num_tasks,T_nrns,T_conns_min,T_conns_max,T_conns_sum,T_ini_min,T_ini_max,T_equ,T_sim,VSize_nodes_sum,VSize_mem_sum,VSize_ini_sum,VSize_sum,N_spks_sum,Rate_sum,N_nrns,N_conns_sum,d_min,d_max
1,6,6,2,true,bern,36,6,0.2,1.48,1.68,9.32,1.14,1.34,0.72,9.33,1506504,3785928,4316480,4457792,639804,29.34,22500,50638886,1.5,1.5
2,6,6,4,true,bern,72,12,0.08,2.93,3.4,36.75,2.37,2.81,0.72,9.27,3132736,11304256,12908080,13319728,643757,13.935999999999998,45000,202518174,1.5,1.5
4,6,6,8,true,bern,144,24,0.23,5.86,6.89,149.6,3.93,4.95,0.84,11.24,6268456,41485864,42321928,44195848,787514,8.626000000000003,90000,810060581,1.5,1.5
8,6,6,16,true,bern,288,48,0.27,8.34,9.44,415.36000000000007,5.3,6.52,1.74,15.91,12540368,97524176,110790296,112049816,1294592,6.976000000000002,180000,2025154105,1.5,1.5
16,6,6,32,true,bern,576,96,0.12,11.22,12.36,1109.72,5.61,6.72,1.03,13.18,25556584,195262056,245313528,245313528,2503298,6.774999999999999,360000,4050421645,1.5,1.5
32,6,6,64,true,bern,1152,192,0.2,17.04,18.95,3366.280000000001,6.91,8.82,1.38,17.11,53009432,391371800,606703416,606703416,5072477,7.333999999999997,720000,8100706891,1.5,1.5

