NUMBER_OF_NODES,TASKS_PER_NODE,THREADS_PER_TASK,SCALE,PLASTIC,RULE,NUM_VPS,num_tasks,T_nrns,T_conns_min,T_conns_max,T_ini_min,T_ini_max,T_equ,T_sim,VSize_nodes_sum,VSize_mem_sum,VSize_ini_sum,VSize_sum,N_spks_sum,Rate_sum,N_nrns,N_conns_sum,d_min,d_max
1,6,6,20,true,in,36,6,0.4,54.24,57.42,45.94,49.12,13.2,192.76,1927392,105481440,106157400,106261848,1608648,7.047000000000001,225000,2531476000,1.5,1.5
2,6,6,40,true,in,72,12,0.39,54.5,59.72,46.66,51.93,13.13,190.12,4023664,211131760,212852320,212852320,3135174,6.959999999999999,450000,5062951000,1.5,1.5
4,6,6,80,true,in,144,24,0.4,54.32,61.33,49.62,56.63,14.35,200.57,8050312,422266504,438843496,438843496,6275303,6.866,900000,10125901000,1.5,1.5
8,6,6,160,true,in,288,48,0.44,53.65,61.03,52.58,59.86,15.54,212.09,16104080,844536464,879241048,879241048,12512534,6.850999999999999,1800000,20251801000,1.5,1.5
16,6,6,320,true,in,576,96,0.43,53.28,60.68,62.03,69.43,16.4,229.31,32421864,1689286632,1825706360,1825706360,24903286,6.7970000000000015,3600000,40503601000,1.5,1.5
32,6,6,640,true,in,1152,192,0.46,,,,,,,65888024,,,,,,,,,

