NUMBER_OF_NODES,TASKS_PER_NODE,THREADS_PER_TASK,num_tasks,NUM_VPS,SCALE,PLASTIC,T_nrns,T_conns_min,T_conns_max,T_conns_sum,T_ini_min,T_ini_max,T_equ,T_sim,VSize_nodes_sum,VSize_mem_sum,VSize_ini_sum,VSize_sum,N_spks_sum,Rate_sum,N_nrns,N_conns_sum,d_min,d_max
1,6,6,6,36,20,false,0.42,50.06,55.47,309.05,40.72,46.14,6.76,77.94,1929504,74812704,77878680,79273368,1732942,7.699999999999999,225000,2531476000,1.5,1.5
2,6,6,12,72,40,false,0.41,50.33,59.59,625.64,41.15,50.4,7.09,79.73,4027888,149794288,160650976,160927456,3438137,7.616,450000,5062951000,1.5,1.5
4,6,6,24,144,80,false,0.37,50.72,60.34,1265.48,43.03,52.63,7.57,84.99,8058760,299591560,320303464,320303464,6835388,7.498999999999999,900000,10125901000,1.5,1.5
8,6,6,48,288,160,false,0.42,50.44,60.7,2506.109999999999,44.89,55.15,8.73,96.16,16120976,605478032,708350296,708350296,13616273,7.540000000000001,1800000,20251801000,1.5,1.5
16,6,6,96,576,320,false,0.56,50.19,60.0,5013.48,55.0,64.87,10.31,115.18,32455656,1236335592,1489769848,1489769848,27330795,7.588000000000001,3600000,40503601000,1.5,1.5
32,6,6,192,1152,640,false,0.48,49.61,59.42,9972.250000000002,76.85,86.66,13.77,155.92,65955608,2473518872,3024689720,3024689720,54564917,7.434999999999994,7200000,81007201000,1.5,1.5

