NUMBER_OF_NODES,TASKS_PER_NODE,THREADS_PER_TASK,SCALE,PLASTIC,RULE,NUM_VPS,num_tasks,T_nrns,T_conns_min,T_conns_max,T_conns_sum,T_ini_min,T_ini_max,T_equ,T_sim,VSize_nodes_sum,VSize_mem_sum,VSize_ini_sum,VSize_sum,N_spks_sum,Rate_sum,N_nrns,N_conns_sum,d_min,d_max
1,6,6,5,true,in,36,6,0.19,6.81,9.03,44.79,5.9,8.07,1.93,0.24,1557792,14368032,15412632,15474072,6726,10.7,56250,316463500,1.5,1.5
2,6,6,10,true,in,72,12,0.11,13.89,17.63,176.05999999999997,11.37,15.18,2.13,0.2,3235312,54119920,56620768,56712928,6061,4.6,112500,1265738500,1.5,1.5
4,6,6,20,true,in,144,24,0.17,14.08,17.84,360.19,11.75,15.45,2.94,0.34,6473608,108242824,116568424,116568424,18710,8.400000000000002,225000,2531476000,1.5,1.5
8,6,6,40,true,in,288,48,0.24,13.73,18.34,709.7699999999999,13.4,18.01,4.4,0.57,13114512,216489104,248047960,248047960,33509,7.299999999999998,450000,5062951000,1.5,1.5
16,6,6,80,true,in,576,96,0.27,13.66,18.01,1417.1900000000003,13.85,18.2,5.1,0.55,27098088,433191912,573928824,573928824,55253,5.899999999999998,900000,10125901000,1.5,1.5
32,6,6,160,true,in,1152,192,0.27,13.72,18.04,2820.970000000001,15.66,19.97,6.09,0.86,55043864,867231512,1130043960,1130043960,127113,7.199999999999995,1800000,20251801000,1.5,1.5

