NUMBER_OF_NODES,TASKS_PER_NODE,THREADS_PER_TASK,SCALE,PLASTIC,RULE,NUM_VPS,num_tasks,T_nrns,T_conns_min,T_conns_max,T_conns_sum,T_ini_min,T_ini_max,T_equ,T_sim,VSize_nodes_sum,VSize_mem_sum,VSize_ini_sum,VSize_sum,N_spks_sum,Rate_sum,N_nrns,N_conns_sum,d_min,d_max
1,6,6,1,true,out,36,6,0.06,2.03,3.39,15.4,0.58,1.94,9.13,6.87,1463520,2206944,2594136,4781400,1214037,77.974,11250,17224750,1.5,1.5
2,6,6,2,true,out,72,12,0.05,6.56,10.66,84.12,0.79,4.9,20.35,30.5,3132784,6143344,6583904,12684896,5140142,179.885,22500,68873500,1.5,1.5
4,6,6,4,true,out,144,24,0.34,23.05,39.36,642.7700000000001,1.79,18.11,40.94,522.14,6268552,17598088,20043880,37369960,75001863,1666.8309999999997,45000,275446000,1.5,1.5
8,6,6,8,true,out,288,48,0.55,86.2,141.81,4412.570000000001,9.04,64.64,91.19,1000.03,12540560,54565520,110851928,127547224,150017741,1666.9890000000007,90000,1101691000,1.5,1.5
16,6,6,16,true,out,576,96,0.58,208.9,245.18,20473.920000000002,14.28,50.57,122.34,1358.79,25294824,130775016,397242744,397242744,299918710,1666.0220000000018,180000,2754181000,1.5,1.5
32,6,6,32,true,out,1152,192,2.3,411.37,517.23,81286.33999999997,15.47,121.34,136.81,1510.95,53010200,262397720,816566840,816566840,599832664,1666.0129999999986,360000,5508361000,1.5,1.5

