NUMBER_OF_NODES,TASKS_PER_NODE,THREADS_PER_TASK,num_tasks,NUM_VPS,SCALE,PLASTIC,T_nrns,T_conns_min,T_conns_max,T_conns_sum,T_ini_min,T_ini_max,T_equ,T_sim,VSize_nodes_sum,VSize_mem_sum,VSize_ini_sum,VSize_sum,N_spks_sum,Rate_sum,N_nrns,N_conns_sum,d_min,d_max
1,36,1,36,36,20,true,0.08,22.13,22.8,800.8299999999998,15.56,16.24,8.68,141.26,14919120,117769680,126620928,126620928,1608648,7.046999999999999,225000,2531476000,1.5,1.5
1,12,3,12,36,20,true,0.17,39.3,47.99,539.78,33.4,42.1,12.36,182.57,3326208,106877184,108985008,109408944,1608648,7.047,225000,2531476000,1.5,1.5
1,6,6,6,36,20,true,0.39,53.85,58.44,330.72,42.48,47.08,13.28,193.57,1927392,105481440,106218840,106403160,1608648,7.047000000000001,225000,2531476000,1.5,1.5
1,4,9,4,36,20,true,0.52,56.42,58.2,229.37,66.25,68.03,12.77,188.59,1597648,105128144,105422268,105532860,1608648,7.047000000000001,225000,2531476000,1.5,1.5
1,2,18,2,36,20,true,0.86,72.88,76.52,149.39999999999998,98.26,101.96,13.64,196.08,1187680,104846176,106041644,106060076,1608648,7.047000000000001,225000,2531476000,1.5,1.5
1,1,32,1,36,20,true,1.91,104.03,104.03,104.03,108.28,108.28,32.42,438.17,1017192,105190248,105714536,105714536,1608648,7.047,225000,2531476000,1.5,1.5

