NUMBER_OF_NODES,TASKS_PER_NODE,THREADS_PER_TASK,SCALE,PLASTIC,RULE,NUM_VPS,num_tasks,T_nrns,T_conns_min,T_conns_max,T_conns_sum,T_ini_min,T_ini_max,T_equ,T_sim,VSize_nodes_sum,VSize_mem_sum,VSize_ini_sum,VSize_sum,N_spks_sum,Rate_sum,N_nrns,N_conns_sum,d_min,d_max
1,6,6,5,true,all,36,6,0.07,0.66,0.84,4.3,0.58,0.76,0.2,0.05,1465632,2927904,3280280,3532184,1567,29.6,5625,31647250,1.5,1.5
2,6,6,10,true,all,72,12,0.15,1.27,1.56,16.470000000000002,1.24,1.53,0.34,0.2,3137008,8801776,9447136,10323680,6431,59.30000000000001,11250,126574750,1.5,1.5
4,6,6,20,true,all,144,24,0.17,2.55,3.13,65.34,2.62,3.13,0.61,0.17,6277000,26257288,28731752,30204264,3660,18.499999999999996,22500,506273500,1.5,1.5
8,6,6,40,true,all,288,48,0.15,5.09,6.28,259.70000000000005,4.55,5.85,0.87,0.4,12557456,97541264,101525848,105863512,9074,20.6,45000,2025046000,1.5,1.5
16,6,6,80,true,all,576,96,0.22,10.13,12.52,1042.4399999999996,9.38,11.78,0.51,0.02,25328616,367131624,376706424,376706424,0,0.0,90000,8100091000,1.5,1.5
32,6,6,160,true,all,1152,192,0.23,20.0,24.8,4079.259999999999,17.16,21.96,1.11,0.4,53077784,1441326872,1467128376,1467357752,12173,7.899999999999994,180000,32400181000,1.5,1.5

