NUMBER_OF_NODES,TASKS_PER_NODE,THREADS_PER_TASK,SCALE,PLASTIC,NBLOCKS,num_tasks,T_nrns,T_conns_min,T_conns_max,T_ini_min,T_ini_max,T_equ,T_sim,VSize_nodes_sum,VSize_mem_sum,VSize_ini_sum,VSize_sum,N_spks_sum,Rate_sum,N_nrns,N_conns_sum,d_min,d_max
1,6,6,20,true,1000,6,0.39,93.72,96.94,43.75,47.03,4.67,51.32,1927392,105481440,106188120,106464600,450479,0.8730000000000001,225000,2520451000,1.0,1.5
2,6,6,40,true,1000,12,0.33,95.04,97.89,44.08,46.91,5.62,108.26,4023664,211131760,214056544,219672160,2083073,3.2889999999999997,450000,5040901000,1.0,1.5
4,6,6,80,true,1000,24,0.77,97.74,103.51,45.64,51.49,7.16,180.78,8050312,422266504,437860456,464781416,5572546,4.654000000000001,900000,10081801000,1.0,1.5
8,6,6,160,true,1000,48,0.42,102.46,111.37,48.82,57.6,8.8,256.27,16104080,844536464,876033880,998352728,11969889,4.921000000000001,1800000,20163601000,1.0,1.5
16,6,6,320,true,1000,96,0.38,112.52,120.63,57.72,65.99,13.96,309.96,32421864,1689286632,1799184760,2007832952,26170025,5.6549999999999985,3600000,40327201000,1.0,1.5
32,6,6,640,true,1000,192,0.46,133.32,141.87,77.62,86.08,17.57,323.26,65888024,3379420952,4048163384,4293061176,48653781,5.098999999999998,7200000,80654401000,1.0,1.5

