NUMBER_OF_NODES,TASKS_PER_NODE,THREADS_PER_TASK,SCALE,PLASTIC,RULE,NUM_VPS,num_tasks,T_nrns,T_conns_min,T_conns_max,T_conns_sum,T_ini_min,T_ini_max,T_equ,T_sim,VSize_nodes_sum,VSize_mem_sum,VSize_ini_sum,VSize_sum,N_spks_sum,Rate_sum,N_nrns,N_conns_sum,d_min,d_max
1,6,6,1,true,in,36,6,0.08,0.28,0.55,2.05,0.29,0.62,0.29,3.56,1463520,1955040,2674008,2809176,459902,40.893,11250,12668500,1.5,1.5
2,6,6,2,true,in,72,12,0.2,0.54,0.68,6.939999999999999,0.69,0.82,0.4,4.49,3132784,5479792,6911584,7521888,588372,26.041999999999994,22500,50648500,1.5,1.5
4,6,6,4,true,in,144,24,0.15,1.1,1.27,27.65,1.29,1.49,0.49,5.2,6268552,15386248,18759784,19251304,678963,15.126,45000,202546000,1.5,1.5
8,6,6,8,true,in,288,48,0.19,2.16,2.49,108.11000000000001,2.54,2.94,0.45,6.24,12540560,45226640,54372184,58120024,795981,8.615999999999998,90000,810091000,1.5,1.5
16,6,6,16,true,in,576,96,0.24,2.64,3.09,267.8,3.38,3.89,0.65,7.77,25294824,105215976,143176056,146125176,1306706,7.056000000000002,180000,2025181000,1.5,1.5
32,6,6,32,true,in,1152,192,0.37,2.65,3.14,536.9599999999998,3.7,4.29,0.79,9.98,53010200,213376792,323260984,324858424,2521136,7.0389999999999935,360000,4050361000,1.5,1.5

