NUMBER_OF_NODES,TASKS_PER_NODE,THREADS_PER_TASK,SCALE,PLASTIC,RULE,NUM_VPS,num_tasks,T_nrns,T_conns_min,T_conns_max,T_conns_sum,T_ini_min,T_ini_max,T_equ,T_sim,VSize_nodes_sum,VSize_mem_sum,VSize_ini_sum,VSize_sum,N_spks_sum,Rate_sum,N_nrns,N_conns_sum,d_min,d_max
1,6,6,20,true,bern,36,6,0.36,89.14,90.92,537.6999999999999,45.56,47.28,12.74,181.2,1927392,105481440,106311000,106464600,1562736,6.877000000000001,225000,2531388507,1.5,1.5
2,6,6,40,true,bern,72,12,0.45,125.31,135.06,1529.6799999999998,45.16,54.92,13.56,187.0,4023664,211131760,213036640,213036640,3133120,6.908999999999999,450000,5062884480,1.5,1.5
4,6,6,80,true,bern,144,24,0.36,198.64,213.33,4997.17,45.0,59.69,14.58,194.79,8050312,422266504,438837352,438837352,6385844,6.934999999999999,900000,10125907385,1.5,1.5
8,6,6,160,true,bern,288,48,0.41,343.4,376.4,16737.36,49.4,82.37,16.09,197.57,16104080,844536464,878933848,878933848,12323699,7.006999999999998,1800000,20251984419,1.5,1.5
16,6,6,320,true,bern,576,96,0.39,,,,,,,,32421864,,,,,,,,,
32,6,6,640,true,bern,1152,192,0.62,1214.96,1341.25,236419.24000000008,78.83,205.09,19.56,263.6,65888024,3379420952,4084863544,4084863544,49774935,6.991999999999997,7200000,81007073521,1.5,1.5

