NUMBER_OF_NODES,TASKS_PER_NODE,THREADS_PER_TASK,SCALE,PLASTIC,RULE,NUM_VPS,num_tasks,T_nrns,T_conns_min,T_conns_max,T_conns_sum,T_ini_min,T_ini_max,T_equ,T_sim,VSize_nodes_sum,VSize_mem_sum,VSize_ini_sum,VSize_sum,N_spks_sum,Rate_sum,N_nrns,N_conns_sum,d_min,d_max
1,6,6,20,true,in,36,6,0.35,54.42,60.07,333.56,46.67,52.31,13.25,191.2,1927392,105481440,106249560,106390872,1608648,7.047000000000001,225000,2531476000,1.5,1.5
2,6,6,40,true,in,72,12,0.39,54.41,61.14,670.6800000000001,47.7,54.43,13.23,189.14,4023664,211131760,212821600,212821600,3135174,6.959999999999999,450000,5062951000,1.5,1.5
4,6,6,80,true,in,144,24,0.34,54.97,60.63,1351.7500000000002,49.15,54.8,14.04,199.95,8050312,422266504,438732904,438732904,6275303,6.8660000000000005,900000,10125901000,1.5,1.5
8,6,6,160,true,in,288,48,0.47,53.32,60.47,2657.11,49.94,57.01,15.56,212.34,16104080,844536464,879044440,879044440,12512534,6.850999999999997,1800000,20251801000,1.5,1.5
16,6,6,320,true,in,576,96,0.64,52.48,60.87,5287.990000000001,61.56,69.86,16.65,231.3,32421864,1689286632,1830572408,1830572408,24903286,6.797000000000002,3600000,40503601000,1.5,1.5
32,6,6,640,true,in,1152,192,0.94,52.75,60.64,10607.450000000004,84.41,92.31,19.94,271.23,65888024,3379420952,4076343864,4076999224,49699733,6.711999999999995,7200000,81007201000,1.5,1.5

