NUMBER_OF_NODES,TASKS_PER_NODE,THREADS_PER_TASK,num_tasks,NUM_VPS,SCALE,PLASTIC,T_nrns,T_conns_min,T_conns_max,T_conns_sum,T_ini_min,T_ini_max,T_equ,T_sim,VSize_nodes_sum,VSize_mem_sum,VSize_ini_sum,VSize_sum,N_spks_sum,Rate_sum,N_nrns,N_conns_sum,d_min,d_max
1,6,6,6,36,44,true,0.7,54.05,58.08,330.51,49.66,53.69,33.91,454.35,2560224,105346272,107706508,107706508,6514820,12.942999999999998,499500,2498000500,1.5,1.5
2,6,6,12,72,88,true,0.66,,,,,,,,5301616,,,,,,,,,
4,6,6,24,144,177,true,0.71,52.6,60.43,1334.2599999999998,51.86,59.69,37.88,486.5,10606216,421750408,449241672,449241672,25942001,12.773000000000001,1998000,9991999000,1.5,1.5
8,6,6,48,288,355,true,0.67,52.89,60.16,2640.3200000000006,63.19,70.44,40.21,521.18,21215888,843504272,934659928,934659928,51837846,13.051000000000002,3996000,19983997000,1.5,1.5
16,6,6,96,576,710,true,0.73,52.66,59.75,5254.550000000001,89.55,96.61,46.75,601.68,42645480,1687222248,2084723064,2084723064,103597225,12.943,7992000,39967993000,1.5,1.5
32,6,6,192,1152,1420,true,0.87,51.89,60.27,10505.969999999994,152.67,161.06,57.08,703.8,86138648,3375292184,4307659320,4307659320,206973406,12.959000000000012,15984000,79935985000,1.5,1.5

