NUMBER_OF_NODES,TASKS_PER_NODE,THREADS_PER_TASK,SCALE,PLASTIC,RULE,NUM_VPS,num_tasks,T_nrns,T_conns_min,T_conns_max,T_conns_sum,T_ini_min,T_ini_max,T_equ,T_sim,VSize_nodes_sum,VSize_mem_sum,VSize_ini_sum,VSize_sum,N_spks_sum,Rate_sum,N_nrns,N_conns_sum,d_min,d_max
1,6,6,5,true,tot,36,6,0.11,461.27,472.2,2800.3799999999997,0.12,10.99,0.57,0.06,1557792,1634592,2477464,2731928,57708,102.49999999999999,56250,619750,1.5,1.5
2,6,6,10,true,tot,72,12,0.12,1832.33,1891.31,22309.030000000002,0.17,59.15,0.43,0.05,3235312,3511792,5031136,5326560,115230,104.9,112500,1238500,1.5,1.5
4,6,6,20,true,tot,144,24,0.14,1825.26,1895.55,44592.39,0.16,70.47,0.55,0.06,6473608,7026568,9044328,9090920,231935,102.79999999999997,225000,1351000,1.5,1.5
8,6,6,40,true,tot,288,48,0.28,1830.25,1883.1,88930.25000000001,0.47,53.32,0.78,0.06,13114512,14056592,16495448,16523608,465422,102.90000000000002,450000,1576000,1.5,1.5
16,6,6,80,true,tot,576,96,0.25,1827.93,1891.61,178224.30999999994,0.27,63.93,0.9,0.06,27098088,28720104,30401400,30437240,932047,104.19999999999999,900000,2026000,1.5,1.5
32,6,6,160,true,tot,1152,192,0.27,1825.98,1905.06,356582.01,1.07,80.16,2.22,0.06,55043864,59860760,63242296,63378488,1863717,104.60000000000001,1800000,2926000,1.5,1.5

