NUMBER_OF_NODES,TASKS_PER_NODE,THREADS_PER_TASK,num_tasks,NUM_VPS,SCALE,PLASTIC,T_nrns,T_conns_min,T_conns_max,T_ini_min,T_ini_max,T_equ,T_sim,VSize_nodes_sum,VSize_mem_sum,VSize_ini_sum,VSize_sum,N_spks_sum,Rate_sum,N_nrns,N_conns_sum,d_min,d_max
1,6,6,6,36,20,true,0.41,54.3,57.62,42.19,45.51,13.21,191.51,1927392,105481440,106218840,106390872,1608648,7.047,225000,2531476000,1.5,1.5
2,6,6,12,72,40,true,0.36,53.72,59.41,42.97,48.63,13.16,189.58,4023664,211131760,212944480,212944480,3135174,6.96,450000,5062951000,1.5,1.5
4,6,6,24,144,80,true,0.36,54.19,60.6,44.75,51.16,13.95,198.4,8050312,422266504,438794344,438794344,6275303,6.866,900000,10125901000,1.5,1.5
8,6,6,48,288,160,true,0.44,53.67,60.53,48.82,55.67,15.3,211.33,16104080,844536464,879075160,879075160,12512534,6.850999999999998,1800000,20251801000,1.5,1.5
16,6,6,96,576,320,true,0.47,52.43,60.23,60.34,68.14,16.42,231.49,32421864,1689286632,1834291576,1834291576,24903286,6.797000000000002,3600000,40503601000,1.5,1.5
32,6,6,192,1152,640,true,0.45,52.39,60.64,79.09,87.35,21.49,267.39,65888024,3379420952,4075688504,4075688504,49699733,6.711999999999998,7200000,81007201000,1.5,1.5

