NUMBER_OF_NODES,TASKS_PER_NODE,THREADS_PER_TASK,SCALE,PLASTIC,RULE,NUM_VPS,num_tasks,T_nrns,T_conns_min,T_conns_max,T_conns_sum,T_ini_min,T_ini_max,T_equ,T_sim,VSize_nodes_sum,VSize_mem_sum,VSize_ini_sum,VSize_sum,N_spks_sum,Rate_sum,N_nrns,N_conns_sum,d_min,d_max
1,6,6,5,true,in,36,6,0.12,8.68,8.77,52.40999999999999,6.51,6.51,1.88,0.22,1558200,14368440,15535920,15566640,6726,10.7,56250,632927000,1.5,1.5
2,6,6,10,true,in,72,12,0.12,16.55,16.65,199.23000000000002,12.73,12.74,4.13,0.37,3236128,54120736,56066576,56351248,6061,4.6000000000000005,112500,2531477000,1.5,1.5
4,6,6,20,true,in,144,24,0.12,17.3,17.39,416.56999999999977,12.33,12.34,2.22,0.35,6475240,108244456,116168648,116168648,18710,8.4,225000,5062952000,1.5,1.5
8,6,6,40,true,in,288,48,0.27,17.01,17.1,820.0000000000003,13.05,13.06,2.37,0.31,13117776,216492368,247387672,247387672,33509,7.3,450000,10125902000,1.5,1.5
16,6,6,80,true,in,576,96,0.25,17.27,17.33,1661.5499999999984,14.01,14.02,2.8,0.32,27104616,433198440,573159160,573159160,55253,5.899999999999998,900000,20251802000,1.5,1.5
32,6,6,160,true,in,1152,192,0.29,17.49,17.63,3381.749999999992,15.78,15.79,3.4,0.41,55056920,867244568,1132023096,1132023096,127113,7.199999999999996,1800000,40503602000,1.5,1.5

