NUMBER_OF_NODES,TASKS_PER_NODE,THREADS_PER_TASK,num_tasks,NUM_VPS,SCALE,PLASTIC,T_nrns,T_conns_min,T_conns_max,T_conns_sum,T_ini_min,T_ini_max,T_equ,T_sim,VSize_nodes_sum,VSize_mem_sum,VSize_ini_sum,VSize_sum,N_spks_sum,Rate_sum,N_nrns,N_conns_sum,d_min,d_max
1,6,6,6,36,44,true,0.65,55.78,61.28,343.39,49.72,55.21,34.22,457.37,2560176,105346224,107077716,107077716,6514820,12.942999999999998,499500,2498000500,1.5,1.5
2,6,6,12,72,88,true,0.71,55.91,65.13,693.6099999999999,53.33,62.54,35.34,467.97,5301520,210873616,234872196,234872196,12987723,12.936,999000,4996000000,1.5,1.5
4,6,6,24,144,177,true,0.78,55.52,66.14,1390.8400000000001,54.99,65.58,38.1,492.21,10606024,421750216,447248776,447248776,25942001,12.773000000000001,1998000,9991999000,1.5,1.5
8,6,6,48,288,355,true,0.8,55.37,64.51,2750.5299999999997,65.72,74.81,40.79,526.72,21215504,843503888,937969112,937969112,51837846,13.051,3996000,19983997000,1.5,1.5
16,6,6,96,576,710,true,0.95,54.8,64.95,5501.290000000001,96.5,106.72,46.26,590.03,42644712,1687221480,2082182776,2082182776,103597225,12.942999999999998,7992000,39967993000,1.5,1.5
32,6,6,192,1152,1420,true,1.4,54.48,65.18,10965.12,156.48,167.14,54.89,695.97,86137112,3375290648,4306721848,4306721848,206973406,12.959000000000001,15984000,79935985000,1.5,1.5