NUMBER_OF_NODES,TASKS_PER_NODE,THREADS_PER_TASK,SCALE,PLASTIC,NBLOCKS,NUM_VPS,num_tasks,T_nrns,T_conns_min,T_conns_max,T_ini_min,T_ini_max,T_equ,T_sim,VSize_nodes_sum,VSize_mem_sum,VSize_ini_sum,VSize_sum,N_spks_sum,Rate_sum,N_nrns,N_conns_sum,d_min,d_max
1,6,6,20,true,1000,36,6,0.34,94.99,102.82,39.99,47.63,4.65,51.05,1929504,105483552,106220952,106509720,450479,0.873,225000,2520451000,1.0,1.5
2,6,6,40,true,2000,72,12,0.44,231.48,241.79,39.14,49.47,5.97,123.02,4027888,211135984,213165792,219635424,2372483,3.6550000000000002,450000,5040901000,1.0,1.5
4,6,6,80,true,4000,144,24,0.45,752.86,814.4,39.27,100.81,7.27,174.31,8058760,434857864,437868904,462928232,5365694,4.276000000000001,900000,9721801000,1.0,1.5
8,6,6,160,true,8000,288,48,0.34,2731.34,3005.18,41.79,314.84,12.0,241.47,16120976,901962896,938404184,1026167128,11689961,4.632000000000001,1800000,18723601000,1.0,1.5
16,6,6,320,true,16000,576,96,0.45,,,,,,,32455656,,,,,,,,,
32,6,6,640,true,32000,1152,192,0.68,,,,,,,65955608,,,,,,,,,

