NUMBER_OF_NODES,TASKS_PER_NODE,THREADS_PER_TASK,num_tasks,NUM_VPS,SCALE,PLASTIC,T_nrns,T_conns_min,T_conns_max,T_conns_sum,T_ini_min,T_ini_max,T_equ,T_sim,VSize_nodes_sum,VSize_mem_sum,VSize_ini_sum,VSize_sum,N_spks_sum,Rate_sum,N_nrns,N_conns_sum,d_min,d_max
36,36,1,1296,1296,360,true,0.43,11.09,13.62,14867.489999999978,13.37,15.9,8.03,133.34,566940700,2387727388,4286948968,4287059560,28041961,6.807999999999957,4050000,45566551000,1.5,1.5
36,12,3,432,1296,360,true,0.34,19.46,29.02,9592.029999999999,22.94,32.5,8.18,108.58,127031332,1978341412,2526715624,2527422184,28041961,6.807999999999986,4050000,45566551000,1.5,1.5
36,6,6,216,1296,360,true,0.3,27.54,32.79,6228.1100000000015,34.62,39.84,8.31,109.77,67283140,1918703812,2365067848,2365067848,28041961,6.8079999999999945,4050000,45566551000,1.5,1.5
36,4,9,144,1296,360,true,0.45,29.1,32.22,4376.030000000002,50.54,53.66,8.78,120.26,53229496,1904392120,2316622632,2316622632,28041961,6.807999999999998,4050000,45566551000,1.5,1.5
36,2,18,72,1296,360,true,0.85,37.67,41.36,2846.259999999999,132.62,136.32,9.17,124.37,38546872,1910537656,2271316360,2271316360,28041961,6.808,4050000,45566551000,1.5,1.5
36,1,36,36,1296,360,true,1.3,55.24,57.58,2023.3899999999999,381.62,384.06,12.96,162.58,29913848,1894771448,2276518648,2276518648,28041961,6.808,4050000,45566551000,1.5,1.5

