NUMBER_OF_NODES,TASKS_PER_NODE,THREADS_PER_TASK,SCALE,PLASTIC,RULE,NUM_VPS,num_tasks,T_nrns,T_conns_min,T_conns_max,T_conns_sum,T_ini_min,T_ini_max,T_equ,T_sim,VSize_nodes_sum,VSize_mem_sum,VSize_ini_sum,VSize_sum,N_spks_sum,Rate_sum,N_nrns,N_conns_sum,d_min,d_max
1,6,6,2,true,all,36,6,0.09,0.11,0.14,0.72,0.08,0.12,0.08,5.4,1463496,1675464,1863488,2974016,466951,214.127,2250,5065750,1.5,1.5
2,6,6,4,true,all,72,12,0.21,0.22,0.31,2.8800000000000003,0.19,0.28,0.22,16.7,3132736,4128064,4533808,6569520,1412197,336.42199999999997,4500,20255500,1.5,1.5
4,6,6,8,true,all,144,24,0.12,0.43,0.56,11.040000000000001,0.4,0.53,0.29,24.05,6268456,10102312,10847240,17564680,1911549,224.68299999999996,9000,81010000,1.5,1.5
8,6,6,16,true,all,288,48,0.13,0.82,1.09,43.32,0.93,1.2,0.31,50.54,12540368,27040208,29066904,47963800,3995429,234.45800000000003,18000,324019000,1.5,1.5
16,6,6,32,true,all,576,96,0.24,1.66,2.17,171.47999999999996,1.74,2.25,0.46,90.51,25294440,80836200,85204984,145520632,7165970,215.48899999999998,36000,1296037000,1.5,1.5
32,6,6,64,true,all,1152,192,0.38,3.32,4.26,683.42,3.76,4.79,0.3,242.66,51960856,265640984,290328376,482594616,19520373,297.7889999999999,72000,5184073000,1.5,1.5

