NUMBER_OF_NODES,TASKS_PER_NODE,THREADS_PER_TASK,SCALE,PLASTIC,NBLOCKS,num_tasks,T_nrns,T_conns_min,T_conns_max,T_ini_min,T_ini_max,T_equ,T_sim,VSize_nodes_sum,VSize_mem_sum,VSize_ini_sum,VSize_sum,N_spks_sum,Rate_sum,N_nrns,N_conns_sum,d_min,d_max
1,6,6,20,true,1000,6,0.4,93.72,97.95,43.51,47.73,4.63,50.86,1927392,105481440,106095960,106341720,450479,0.873,225000,2520451000,1.0,1.5
2,6,6,40,true,2000,12,0.34,231.57,246.34,43.54,58.36,6.78,116.71,4023664,211131760,214179424,219623008,2372483,3.6550000000000002,450000,5040901000,1.0,1.5
4,6,6,80,true,4000,24,0.4,753.47,804.92,42.66,94.22,7.83,166.63,8050312,434849416,437737576,462076008,5365694,4.276000000000001,900000,9721801000,1.0,1.5
8,6,6,160,true,8000,48,0.43,2744.99,3080.61,44.27,380.19,11.71,231.1,16104080,901946000,937185112,1022801752,11689961,4.632000000000002,1800000,18723601000,1.0,1.5
16,6,6,320,true,16000,96,0.54,,,,,,,32421864,,,,,,,,,
32,6,6,640,true,32000,192,0.85,,,,,,,65888024,,,,,,,,,

