NUMBER_OF_NODES,TASKS_PER_NODE,THREADS_PER_TASK,SCALE,PLASTIC,RULE,NUM_VPS,num_tasks,T_nrns,T_conns_min,T_conns_max,T_conns_sum,T_ini_min,T_ini_max,T_equ,T_sim,VSize_nodes_sum,VSize_mem_sum,VSize_ini_sum,VSize_sum,N_spks_sum,Rate_sum,N_nrns,N_conns_sum,d_min,d_max
1,6,6,5,true,bern,36,6,0.11,9.81,9.87,59.15999999999999,6.29,6.29,1.96,0.3,1558200,14368440,15320880,15535920,8349,15.1,56250,632841490,1.5,1.5
2,6,6,10,true,bern,72,12,0.19,19.94,20.02,240.10000000000005,11.54,11.54,2.1,0.31,3236128,54120736,56121872,56713744,9702,8.1,112500,2531420284,1.5,1.5
4,6,6,20,true,bern,144,24,0.28,24.74,24.79,594.77,11.77,11.78,2.27,0.25,6475240,108244456,116076488,116506568,12707,4.6,225000,5062912868,1.5,1.5
8,6,6,40,true,bern,288,48,0.3,33.69,33.76,1619.78,13.18,13.19,2.56,0.34,13117776,216492368,247830040,247830040,35535,7.8999999999999995,450000,10125882594,1.5,1.5
16,6,6,80,true,bern,576,96,0.33,54.05,54.15,5197.280000000002,13.76,13.76,2.77,0.33,27104616,433198440,576063224,576456440,59146,7.399999999999994,900000,20252149154,1.5,1.5
32,6,6,160,true,bern,1152,192,0.34,93.85,93.96,18034.50000000002,14.95,14.96,3.48,0.46,55056920,867244568,1133661496,1133661496,141245,8.699999999999994,1800000,40503478068,1.5,1.5

