NUMBER_OF_NODES,TASKS_PER_NODE,THREADS_PER_TASK,SCALE,PLASTIC,RULE,NUM_VPS,num_tasks,T_nrns,T_conns_min,T_conns_max,T_conns_sum,T_ini_min,T_ini_max,T_equ,T_sim,VSize_nodes_sum,VSize_mem_sum,VSize_ini_sum,VSize_sum,N_spks_sum,Rate_sum,N_nrns,N_conns_sum,d_min,d_max
1,6,6,5,true,all,36,6,0.1,0.75,0.76,4.52,0.59,0.59,0.19,0.05,1466040,2928312,3266352,3542832,1567,29.599999999999998,5625,63294500,1.5,1.5
2,6,6,10,true,all,72,12,0.11,1.51,1.52,18.14,1.28,1.29,0.34,0.2,3137824,8802592,9447952,10461712,6431,59.300000000000004,11250,253149500,1.5,1.5
4,6,6,20,true,all,144,24,0.05,3.09,3.2,76.48000000000002,2.78,2.78,0.3,0.11,6278632,26258920,28770248,29968328,3660,18.500000000000004,22500,1012547000,1.5,1.5
8,6,6,40,true,all,288,48,0.06,6.17,6.3,301.56,4.79,4.79,0.49,0.27,12560720,97544528,101185048,106350104,9074,20.599999999999998,45000,4050092000,1.5,1.5
16,6,6,80,true,all,576,96,0.23,12.1,12.2,1170.5500000000025,9.32,9.33,0.67,0.02,25335144,367138152,377171704,377171704,0,0.0,90000,16200182000,1.5,1.5
32,6,6,160,true,all,1152,192,0.22,23.99,24.15,4633.160000000007,17.13,17.14,0.7,0.39,53090840,1441339928,1464159544,1466453304,12173,7.899999999999994,180000,64800362000,1.5,1.5

