NUMBER_OF_NODES,TASKS_PER_NODE,THREADS_PER_TASK,SCALE,PLASTIC,RULE,NUM_VPS,num_tasks,T_nrns,T_conns_min,T_conns_max,T_conns_sum,T_ini_min,T_ini_max,T_equ,T_sim,VSize_nodes_sum,VSize_mem_sum,VSize_ini_sum,VSize_sum,N_spks_sum,Rate_sum,N_nrns,N_conns_sum,d_min,d_max
1,6,6,2,true,sym-bern,36,6,0.19,17.04,19.01,106.29,2.85,4.82,42.68,471.95,1506504,3785928,6739264,7525696,30000903,1666.7140000000002,22500,50630900,1.5,1.5
2,6,6,4,true,sym-bern,72,12,0.07,67.7,69.4,819.8100000000001,8.2,9.92,85.04,946.71,3132736,11648320,24260144,24407600,59992776,1666.476,45000,202552624,1.5,1.5
4,6,6,8,true,sym-bern,144,24,0.09,278.86,290.03,6749.510000000001,17.32,28.49,175.16,1946.47,6268456,41485864,82386952,82386952,119989568,1666.504,90000,810080142,1.5,1.5
8,6,6,16,true,sym-bern,288,48,0.13,859.2,868.57,41415.389999999985,24.74,34.13,222.18,2463.5,12540368,98466256,250629784,250629784,240040456,1666.9590000000005,180000,2025181178,1.5,1.5
16,6,6,32,true,sym-bern,576,96,0.3,2552.79,2609.97,246132.13999999998,25.95,83.16,243.8,,25556584,195999336,510539768,,,,,,,
32,6,6,64,true,sym-bern,1152,192,0.67,,,,,,,,53009432,,,,,,,,,

