NUMBER_OF_NODES,TASKS_PER_NODE,THREADS_PER_TASK,num_tasks,NUM_VPS,SCALE,PLASTIC,T_nrns,T_conns_min,T_conns_max,T_conns_sum,T_ini_min,T_ini_max,T_equ,T_sim,VSize_nodes_sum,VSize_mem_sum,VSize_ini_sum,VSize_sum,N_spks_sum,Rate_sum,N_nrns,N_conns_sum,d_min,d_max
1,6,6,6,36,20,true,0.33,62.2,69.27,385.31,49.81,56.88,20.57,261.09,1929504,105483552,106257816,106257816,1622536,7.175,225000,2531476000,0.1,50.0
2,6,6,12,72,40,true,0.44,59.62,66.94,737.95,51.08,58.41,19.89,261.37,4027888,211135984,213825248,213825248,3247431,7.274000000000001,450000,5062951000,0.1,50.0
4,6,6,24,144,80,true,0.39,59.59,67.73,1496.2499999999998,59.08,67.21,21.5,278.86,8058760,422274952,439521640,439521640,6593224,7.293,900000,10125901000,0.1,50.0
8,6,6,48,288,160,true,0.5,59.34,69.34,2985.6500000000005,56.35,66.42,23.96,301.41,16120976,844553360,896379224,896379224,13131878,7.343,1800000,20251801000,0.1,50.0
16,6,6,96,576,320,true,0.45,59.15,73.67,5985.799999999998,71.34,85.84,28.77,344.87,32455656,1689320424,2007438712,2007438712,26165723,7.253000000000001,3600000,40503601000,0.1,50.0
32,6,6,192,1152,640,true,0.72,58.13,73.23,11943.279999999997,86.2,101.33,36.66,436.47,65955608,3379488536,4121631288,4121631288,52425203,7.274000000000001,7200000,81007201000,0.1,50.0

