NUMBER_OF_NODES,TASKS_PER_NODE,THREADS_PER_TASK,num_tasks,NUM_VPS,SCALE,PLASTIC,T_nrns,T_conns_min,T_conns_max,T_conns_sum,T_ini_min,T_ini_max,T_equ,T_sim,VSize_nodes_sum,VSize_mem_sum,VSize_ini_sum,VSize_sum,N_spks_sum,Rate_sum,N_nrns,N_conns_sum,d_min,d_max
36,36,1,1296,1296,720,true,0.64,22.19,25.75,29175.39999999996,,,,,577562716,4269566044,,,,,,,,
36,12,3,432,1296,720,true,0.25,38.16,51.27,18257.360000000004,49.48,62.54,20.59,271.22,136765156,3859291876,4791328168,4792747432,55884785,7.050999999999985,8100000,91133101000,1.5,1.5
36,6,6,216,1296,720,true,0.47,52.58,60.08,11940.44,85.38,92.9,20.77,280.44,74140708,3801865252,4604089768,4604089768,55884785,7.050999999999993,8100000,91133101000,1.5,1.5
36,4,9,144,1296,720,true,0.85,56.1,60.91,8376.739999999998,142.77,147.6,21.62,276.9,59718136,3786815992,4556053864,4556053864,55884785,7.050999999999998,8100000,91133101000,1.5,1.5
36,2,18,72,1296,720,true,1.05,74.29,79.83,5559.429999999999,426.64,432.21,22.45,295.89,43855576,3782377176,4486558376,4486558376,55884785,7.051000000000001,8100000,91133101000,1.5,1.5
36,1,36,36,1296,720,true,1.85,109.58,114.18,4025.49,1430.94,1435.53,30.81,392.68,37254024,3787484040,4488162184,4488162184,55884785,7.050999999999999,8100000,91133101000,1.5,1.5

