NUMBER_OF_NODES,TASKS_PER_NODE,THREADS_PER_TASK,num_tasks,NUM_VPS,SCALE,PLASTIC,T_nrns,T_conns_min,T_conns_max,T_conns_sum,T_ini_min,T_ini_max,T_equ,T_sim,VSize_nodes_sum,VSize_mem_sum,VSize_ini_sum,VSize_sum,N_spks_sum,Rate_sum,N_nrns,N_conns_sum,d_min,d_max
1,6,6,6,36,44,true,0.73,57.36,64.26,353.15999999999997,45.18,52.05,35.78,482.77,2669856,105348384,107325632,107325632,6514820,12.943000000000001,499500,2498000500,1.5,1.5
2,6,6,12,72,88,true,0.74,56.14,69.39,702.44,46.17,59.39,36.31,491.47,5520880,210877936,235937392,235937392,13027754,12.867999999999999,999000,4996000000,1.5,1.5
4,6,6,24,144,177,true,0.69,56.31,65.71,1415.81,49.92,59.32,39.15,510.91,11044744,421758856,447689544,447689544,25942001,12.773000000000003,1998000,9991999000,1.5,1.5
8,6,6,48,288,355,true,0.74,55.51,64.5,2812.02,60.63,69.62,41.95,545.9,22092944,843521168,935926104,935926104,51837846,13.051000000000002,3996000,19983997000,1.5,1.5
16,6,6,96,576,710,true,0.73,54.71,69.14,5585.51,86.22,100.71,46.7,603.24,44399592,1687256040,2090112376,2090112376,103597225,12.943000000000008,7992000,39967993000,1.5,1.5
32,6,6,192,1152,1420,true,0.77,54.99,68.54,11098.689999999997,146.45,160.0,57.06,723.94,89646872,3375359768,4317387320,4317387320,206973406,12.959000000000007,15984000,79935985000,1.5,1.5

