NUMBER_OF_NODES,TASKS_PER_NODE,THREADS_PER_TASK,SCALE,PLASTIC,RULE,NUM_VPS,num_tasks,T_nrns,T_conns_min,T_conns_max,T_conns_sum,T_ini_min,T_ini_max,T_equ,T_sim,VSize_nodes_sum,VSize_mem_sum,VSize_ini_sum,VSize_sum,N_spks_sum,Rate_sum,N_nrns,N_conns_sum,d_min,d_max
1,6,6,1,true,all,36,6,0.06,,,,,,,,1463472,,,,,,,,,
2,6,6,2,true,all,72,12,0.05,0.06,0.1,0.95,0.14,0.18,0.37,5.6,3132688,3384592,4057600,5751808,447705,208.251,2250,5065750,1.5,1.5
4,6,6,4,true,all,144,24,0.16,0.11,0.23,3.5800000000000014,0.17,0.3,0.23,7.34,6268360,7140808,8730024,12637608,1031522,242.695,4500,20255500,1.5,1.5
8,6,6,8,true,all,288,48,0.13,0.22,0.37,12.06,0.34,0.49,0.24,13.37,12540176,15419664,19855832,30128600,1862482,216.99599999999995,9000,81010000,1.5,1.5
16,6,6,16,true,all,576,96,0.15,0.43,0.7,45.67,0.57,0.84,0.37,26.2,25294056,40629480,48411256,79405688,3409747,208.10399999999996,18000,324019000,1.5,1.5
32,6,6,32,true,all,1152,192,0.3,0.84,1.13,175.9300000000001,0.9,1.21,0.21,39.49,51960088,110467352,131165240,227820600,4888408,141.45100000000002,36000,1296037000,1.5,1.5