NUMBER_OF_NODES,TASKS_PER_NODE,THREADS_PER_TASK,SCALE,PLASTIC,RULE,NUM_VPS,num_tasks,T_nrns,T_conns_min,T_conns_max,T_conns_sum,T_ini_min,T_ini_max,T_equ,T_sim,VSize_nodes_sum,VSize_mem_sum,VSize_ini_sum,VSize_sum,N_spks_sum,Rate_sum,N_nrns,N_conns_sum,d_min,d_max
1,6,6,5,true,out,36,6,0.23,58.56,58.62,351.58000000000004,7.06,7.06,307.14,37.63,1558200,19922616,20813616,24981296,930114,1655.8999999999999,56250,860739500,1.5,1.5
2,6,6,10,true,out,72,12,0.11,212.49,212.56,2550.4499999999994,51.52,51.53,681.19,77.94,3236128,68006176,91511312,91511312,1822558,1601.8,112500,3442727000,1.5,1.5
4,6,6,20,true,out,144,24,0.28,317.83,317.88,7628.829999999999,55.95,55.96,716.57,81.18,6475240,136015336,217827272,217827272,3722737,1644.3000000000002,225000,6885452000,1.5,1.5
8,6,6,40,true,out,288,48,0.14,599.76,599.91,28793.830000000016,58.09,58.1,722.59,80.91,13117776,272034128,432883224,432883224,7395963,1631.7999999999997,450000,13770902000,1.5,1.5
16,6,6,80,true,out,576,96,0.26,1121.35,1121.52,107663.58000000003,64.3,64.31,791.2,90.1,27104616,544281960,945317624,945317624,15037065,1666.1000000000001,900000,27541802000,1.5,1.5
32,6,6,160,true,out,1152,192,0.27,2233.26,2233.48,428824.73999999964,74.93,74.94,928.11,105.37,55056920,1089411608,1877886264,1877886264,29299841,1610.6999999999996,1800000,55083602000,1.5,1.5

