NUMBER_OF_NODES,TASKS_PER_NODE,THREADS_PER_TASK,SCALE,PLASTIC,RULE,NUM_VPS,num_tasks,T_nrns,T_conns_min,T_conns_max,T_conns_sum,T_ini_min,T_ini_max,T_equ,T_sim,VSize_nodes_sum,VSize_mem_sum,VSize_ini_sum,VSize_sum,N_spks_sum,Rate_sum,N_nrns,N_conns_sum,d_min,d_max
1,6,6,5,true,out,36,6,0.19,49.05,50.13,297.29,6.36,7.44,312.77,38.51,1557792,19922208,20843928,24917400,930114,1655.9,56250,430369750,1.5,1.5
2,6,6,10,true,out,72,12,0.12,161.89,183.15,1998.6000000000001,49.83,71.09,689.34,79.93,3235312,68005360,92667616,92667616,1822558,1601.8,112500,1721363500,1.5,1.5
4,6,6,20,true,out,144,24,0.13,291.34,304.06,7098.019999999999,54.01,66.73,733.75,82.6,6473608,136013704,218130792,218130792,3722737,1644.3000000000002,225000,3442726000,1.5,1.5
8,6,6,40,true,out,288,48,0.15,548.32,610.68,26828.35,58.79,121.15,757.82,83.66,13114512,272030864,435042648,435042648,7395963,1631.7999999999997,450000,6885451000,1.5,1.5
16,6,6,80,true,out,576,96,0.26,1061.11,1149.83,104013.44,64.71,153.42,801.83,91.23,27098088,544275432,947264888,947264888,15037065,1666.1000000000001,900000,13770901000,1.5,1.5
32,6,6,160,true,out,1152,192,0.3,2085.83,2193.3,406859.82000000007,73.92,181.39,945.32,107.46,55043864,1089398552,1873580600,1873580600,29299841,1610.699999999999,1800000,27541801000,1.5,1.5

