NUMBER_OF_NODES,TASKS_PER_NODE,THREADS_PER_TASK,SCALE,PLASTIC,RULE,NUM_VPS,num_tasks,T_nrns,T_conns_min,T_conns_max,T_conns_sum,T_ini_min,T_ini_max,T_equ,T_sim,VSize_nodes_sum,VSize_mem_sum,VSize_ini_sum,VSize_sum,N_spks_sum,Rate_sum,N_nrns,N_conns_sum,d_min,d_max
1,6,6,20,true,bern,36,6,0.4,88.81,92.67,540.09,44.71,48.59,12.87,181.46,1927392,105481440,106341720,106372440,1562736,6.877000000000001,225000,2531388507,1.5,1.5
2,6,6,40,true,bern,72,12,0.4,125.19,136.8,1529.91,46.6,58.17,13.35,184.13,4023664,211131760,213036640,213036640,3133120,6.908999999999998,450000,5062884480,1.5,1.5
4,6,6,80,true,bern,144,24,0.46,199.13,213.37,5000.21,46.6,60.86,14.49,196.15,8050312,422266504,438696040,438696040,6385844,6.9350000000000005,900000,10125907385,1.5,1.5
8,6,6,160,true,bern,288,48,0.38,343.06,376.35,16716.34,48.85,82.14,15.03,200.77,16104080,844536464,879271768,879271768,12323699,7.006999999999998,1800000,20251984419,1.5,1.5
16,6,6,320,true,bern,576,96,0.49,633.54,701.7,61789.89999999999,58.29,126.41,16.93,225.67,32421864,1689286632,1831506296,1831506296,25029131,6.741999999999999,3600000,40503845215,1.5,1.5
32,6,6,640,true,bern,1152,192,0.46,1214.99,1338.11,236522.09000000005,79.49,202.65,20.07,264.84,65888024,3379420952,4082242104,4082242104,49774935,6.992000000000001,7200000,81007073521,1.5,1.5

