NUMBER_OF_NODES,TASKS_PER_NODE,THREADS_PER_TASK,SCALE,PLASTIC,RULE,NUM_VPS,num_tasks,T_nrns,T_conns_min,T_conns_max,T_conns_sum,T_ini_min,T_ini_max,T_equ,T_sim,VSize_nodes_sum,VSize_mem_sum,VSize_ini_sum,VSize_sum,N_spks_sum,Rate_sum,N_nrns,N_conns_sum,d_min,d_max
1,6,6,2,true,out,36,6,0.09,8.3,10.58,54.89,1.37,3.65,41.94,47.97,1506504,4338888,4824384,7677248,4021190,141.51399999999998,22500,68873500,1.5,1.5
2,6,6,4,true,out,72,12,0.19,26.18,44.63,340.77,3.35,21.83,83.9,1052.94,3132736,13122880,15533616,22961712,75002007,1666.778,45000,275446000,1.5,1.5
4,6,6,8,true,out,144,24,0.13,92.33,130.42,2418.14,14.93,52.99,194.01,2152.94,6268456,50333224,77168648,87453704,150022344,1666.9939999999995,90000,1101691000,1.5,1.5
8,6,6,16,true,out,288,48,0.1,217.96,264.51,10872.63,21.69,68.22,248.8,2758.96,12540368,119740880,222574232,263444120,299951321,1666.2470000000003,180000,2754181000,1.5,1.5
16,6,6,32,true,out,576,96,0.27,423.41,499.62,41938.16,25.71,101.92,270.9,3074.89,25556584,239695464,541853688,541853688,599836002,1666.0220000000018,360000,5508361000,1.5,1.5
32,6,6,64,true,out,1152,192,0.4,831.49,942.44,162416.5500000001,28.26,139.22,307.88,3642.05,53009432,480238616,1110093624,1110093624,1199981970,1666.5800000000029,720000,11016721000,1.5,1.5

