NUMBER_OF_NODES,TASKS_PER_NODE,THREADS_PER_TASK,SCALE,PLASTIC,RULE,NUM_VPS,num_tasks,T_nrns,T_conns_min,T_conns_max,T_conns_sum,T_ini_min,T_ini_max,T_equ,T_sim,VSize_nodes_sum,VSize_mem_sum,VSize_ini_sum,VSize_sum,N_spks_sum,Rate_sum,N_nrns,N_conns_sum,d_min,d_max
1,6,6,5,true,bern,36,6,0.16,9.13,10.18,56.330000000000005,5.78,6.77,1.99,0.3,1557792,14368032,15308184,15646104,8349,15.1,56250,316420745,1.5,1.5
2,6,6,10,true,bern,72,12,0.11,18.22,20.53,224.94,10.67,12.98,2.07,0.3,3235312,54119920,55920352,56635104,9702,8.1,112500,1265710142,1.5,1.5
4,6,6,20,true,bern,144,24,0.3,22.76,25.71,574.3600000000001,11.21,14.18,4.17,0.55,6473608,108242824,115974504,116343144,12707,4.6000000000000005,225000,2531456434,1.5,1.5
8,6,6,40,true,bern,288,48,0.28,31.65,34.36,1562.4199999999998,12.14,14.87,4.63,0.59,13114512,216489104,248990040,248990040,35535,7.899999999999999,450000,5062941297,1.5,1.5
16,6,6,80,true,bern,576,96,0.31,49.65,53.99,4865.519999999999,13.39,17.75,2.73,0.32,27098088,433191912,572386680,572517752,59146,7.399999999999995,900000,10126074577,1.5,1.5
32,6,6,160,true,bern,1152,192,0.29,85.46,94.16,16792.16999999999,15.07,23.77,3.44,0.46,55043864,867231512,1132173880,1132173880,141245,8.699999999999994,1800000,20251739034,1.5,1.5

