NUMBER_OF_NODES,TASKS_PER_NODE,THREADS_PER_TASK,SCALE,PLASTIC,RULE,NUM_VPS,num_tasks,T_nrns,T_conns_min,T_conns_max,T_conns_sum,T_ini_min,T_ini_max,T_equ,T_sim,VSize_nodes_sum,VSize_mem_sum,VSize_ini_sum,VSize_sum,N_spks_sum,Rate_sum,N_nrns,N_conns_sum,d_min,d_max
1,6,6,1,true,bern,36,6,0.07,0.37,0.42,2.34,0.28,0.33,0.29,3.33,1463472,1954992,2753832,2874664,432828,38.479,11250,12670931,1.5,1.5
2,6,6,2,true,bern,72,12,0.11,0.73,0.96,9.64,0.65,0.86,0.41,4.59,3132688,5479696,7233024,7425536,589874,25.023000000000003,22500,50648118,1.5,1.5
4,6,6,4,true,bern,144,24,0.25,1.47,1.76,37.879999999999995,1.21,1.52,0.54,5.63,6268360,15386056,18069416,20023208,727130,16.095,45000,202538107,1.5,1.5
8,6,6,8,true,bern,288,48,0.31,2.91,3.4,145.71,2.53,3.01,0.57,6.22,12540176,45226256,56450520,58432984,808384,8.945000000000002,90000,810028356,1.5,1.5
16,6,6,16,true,bern,576,96,1.32,4.14,4.8,414.9000000000001,3.16,3.82,0.52,6.59,25294056,105215208,143117944,146067064,1278557,7.308000000000002,180000,2025191480,1.5,1.5
32,6,6,32,true,bern,1152,192,0.89,5.59,6.29,1113.5500000000004,3.47,4.18,0.7,8.95,53008664,213375256,323365944,324619320,2509180,6.915999999999994,360000,4050423187,1.5,1.5