NUMBER_OF_NODES,TASKS_PER_NODE,NUM_VPS,THREADS_PER_TASK,SCALE,NUM_VPS,num_tasks,T_network_local,T_network_global_min,T_network_global_max,T_create_min,T_create_max,T_connect_max,T_connect_min,T_ini_min,T_ini_max,T_sim,VSize_sum,VSize_ini_sum,VSize_net_sum,N_spks_sum,N_nrns,N_conns_sum
1,6,36,6,0.0625,36,6,366.8631956577301,64.72320342063904,67.36590385437012,308.5355587005615,312.86769580841064,58.31062865257263,53.756728172302246,38.826491355895996,38.82665491104126,1141.1842679977417,98511704,98511704,96334560,60539406,258258,1508419407
2,6,72,6,0.125,72,12,374.4954171180725,107.08419966697693,109.78236508369446,313.4035873413086,318.8189926147461,61.074259757995605,55.66679573059082,37.71519374847412,37.7156879901886,1415.3112037181854,200675936,199983712,192723312,121689362,516391,3016843251
4,6,144,6,0.25,144,24,396.18212938308716,190.92759323120117,196.83019185066223,330.2091269493103,339.1711187362671,64.26526045799255,54.668426275253296,39.97199106216431,39.97234511375427,1674.4807946681976,413892712,412928104,385547912,242533311,1032643,6033690822
8,6,288,6,0.5,288,48,388.85311245918274,351.8481607437134,364.1471724510193,318.37675523757935,330.39792799949646,70.43629264831543,59.78026628494263,44.01895093917847,44.020209550857544,2008.3958621025085,867800920,867800920,792988440,485965655,2065151,12067386057
16,6,576,6,1.0,576,96,,,,,,,,,,,,,,,,
32,6,1152,6,2.0,1152,192,491.6283440589905,1371.5072541236877,1417.937400817871,365.9743015766144,394.96923446655273,104.36946153640747,91.51163101196289,64.20184087753296,64.20399212837219,3023.4170310497284,4102210104,4102210104,3550945592,1936676440,8260234,48269557645

