NUMBER_OF_NODES,TASKS_PER_NODE,NUM_VPS,THREADS_PER_TASK,SCALE,NUM_VPS,num_tasks,T_network_local,T_network_global_min,T_network_global_max,T_network_global_sum,T_create_min,T_create_max,T_create_sum,T_connect_max,T_connect_min,T_connect_sum,T_ini_min,T_ini_max,T_sim,VSize_sum,VSize_ini_sum,VSize_net_sum,N_spks_sum,N_nrns,N_conns_sum
1,6,36,6,0.0625,36,6,368.0306603908539,63.927160024642944,65.7704565525055,386.9046559333801,309.75703287124634,316.47547602653503,1879.1356930732727,58.54439401626587,51.613794803619385,329.5772819519043,36.77396535873413,36.774505376815796,1056.6064670085907,98689504,98689504,96272744,60539406,258258,1508419407
2,6,72,6,0.125,72,12,383.0670895576477,105.20223593711853,108.62143850326538,1274.9765479564667,324.5058419704437,331.2494943141937,3925.561910867691,59.448758125305176,52.504971504211426,676.7247455120087,37.47182750701904,37.472819328308105,1333.095823764801,199157616,198000496,192697984,121689362,516391,3016843251
4,6,144,6,0.25,144,24,383.81043887138367,186.2690074443817,192.5415382385254,4545.527366399765,318.33090806007385,329.57360458374023,7793.802200317383,64.57241940498352,53.21246886253357,1398.4887285232544,39.335981130599976,39.336540937423706,1557.9001030921936,413541000,412723848,385595560,242533311,1032643,6033690822
8,6,288,6,0.5,288,48,394.7177219390869,346.18125772476196,357.07672452926636,16823.593683719635,322.241562128067,339.3550522327423,15873.685160160065,72.52955174446106,58.37692046165466,3124.203363418579,43.00616121292114,43.00703001022339,1889.9916865825653,869772184,869772184,793018200,485965655,2065151,12067386057
16,6,576,6,1.0,576,96,416.15490531921387,660.0309641361237,682.3935198783875,64261.651118040085,333.4831717014313,350.40427255630493,32906.63185763359,80.9991147518158,67.05427742004395,7046.783651590347,36.45773792266846,36.45909571647644,59.31237459182739,1680724600,1680724600,1617213944,5574566,4130180,24134776576
32,6,1152,6,2.0,1152,192,444.07390236854553,1342.6096756458282,1382.814662694931,261441.26568865776,340.53944396972656,364.306113243103,67529.00781488419,106.79006719589233,89.47235083580017,18616.407413482666,62.64336347579956,62.64630603790283,2899.0722980499268,4089334584,4089334584,3550868024,1936676440,8260234,48269557645

