NUMBER_OF_NODES,TASKS_PER_NODE,NUM_VPS,THREADS_PER_TASK,SCALE,NUM_VPS,num_tasks,T_network_local,T_network_global_min,T_network_global_max,T_network_global_sum,T_create_min,T_create_max,T_create_sum,T_connect_max,T_connect_min,T_connect_sum,T_ini_min,T_ini_max,T_sim,VSize_sum,VSize_ini_sum,VSize_net_sum,N_spks_sum,N_nrns,N_conns_sum
1,6,36,6,0.0625,36,6,350.38571429252625,64.96494698524475,67.00582599639893,395.07809567451477,290.46382236480713,294.99179792404175,1759.1182582378387,60.076765060424805,55.35905957221985,343.67325806617737,34.458345890045166,34.45844125747681,1082.3658809661865,98745152,98745152,96334536,60539406,258258,1508419407
2,6,72,6,0.125,72,12,357.33773159980774,106.70336294174194,110.11385869979858,1294.907414674759,296.1667823791504,302.6001272201538,3588.2918679714203,59.433980226516724,54.67518210411072,678.6389362812042,42.557042598724365,42.55736947059631,1390.1294898986816,199303728,197650992,192592192,121689362,516391,3016843251
4,6,144,6,0.25,144,24,373.6097424030304,189.82959032058716,196.02540040016174,4637.518079042435,307.3595950603485,318.24497985839844,7534.338528871536,64.3008770942688,55.574482440948486,1415.391939163208,44.667059898376465,44.66780090332031,1664.8425681591034,412448776,411385864,385547816,242533311,1032643,6033690822
8,6,288,6,0.5,288,48,380.04979038238525,353.3532841205597,365.65525102615356,17217.290303468704,307.75361037254333,324.7851948738098,15040.708652496338,69.81092286109924,58.61399245262146,3118.170765399933,46.14744830131531,46.148273944854736,2055.187021255493,869809816,869809816,793086552,485965655,2065151,12067386057
16,6,576,6,1.0,576,96,402.3996479511261,675.632593870163,698.0863716602325,65801.68904089928,321.3985562324524,338.0006709098816,31536.87542796135,78.1843831539154,67.73513960838318,7037.007800579071,36.39080286026001,36.3959903717041,60.53934049606323,1681229944,1681229944,1617129464,5574566,4130180,24134776576
32,6,1152,6,2.0,1152,192,429.85741996765137,1370.7257196903229,1419.3365256786346,268173.95516872406,323.89589047431946,365.5339767932892,64764.6096932888,102.42934799194336,90.53686690330505,18687.533103466034,65.22858762741089,65.23033332824707,3346.2492439746857,4098201400,4098201400,3550780984,1936676440,8260234,48269557645

