NUMBER_OF_NODES,TASKS_PER_NODE,NUM_VPS,THREADS_PER_TASK,SCALE,NUM_VPS,num_tasks,T_network_local,T_network_global_min,T_network_global_max,T_network_global_sum,T_create_min,T_create_max,T_create_sum,T_connect_max,T_connect_min,T_connect_sum,T_ini_min,T_ini_max,T_sim,VSize_sum,VSize_ini_sum,VSize_net_sum,N_spks_sum,N_nrns,N_conns_sum
1,6,36,6,0.0625,36,6,,,,,,,,,,,,,,,,,,,
2,6,72,6,0.125,72,12,366.4330496788025,104.50806164741516,109.29990315437317,1286.1169431209564,307.40839552879333,316.59376406669617,3728.430499792099,59.98600625991821,51.371875524520874,679.2693090438843,38.677191734313965,38.67753314971924,1651.757402896881,198777328,197669360,192794880,121689362,516391,3016843251
4,6,144,6,0.25,144,24,360.7300581932068,188.41494703292847,193.2415566444397,4565.933681726456,298.0820598602295,307.44514870643616,7250.77126288414,62.94003629684448,55.4933078289032,1425.879418849945,38.0115487575531,38.01199293136597,1914.1678483486176,412815752,411937160,385494952,242533311,1032643,6033690822
8,6,288,6,0.5,288,48,373.58320116996765,347.4527404308319,359.25045013427734,16926.69580411911,305.4685618877411,319.3120450973511,14901.835429906845,69.38285422325134,58.91836380958557,3082.523865699768,345.4330348968506,345.43394589424133,1978.7592165470123,869932440,869932440,793209176,485965655,2065151,12067386057
16,6,576,6,1.0,576,96,405.3849513530731,662.4094023704529,690.4930481910706,64772.419786930084,323.4839770793915,342.7998251914978,31703.294273376465,78.91655969619751,67.70886874198914,7036.674787759781,34.87129497528076,34.88004541397095,67.85039210319519,1680137848,1680137848,1617419768,5574566,4130180,24134776576
32,6,1152,6,2.0,1152,192,439.5746066570282,1348.0610754489899,1394.301598072052,262752.2084906101,330.2423655986786,362.60226917266846,65702.2385084629,102.14002394676208,90.55690813064575,18615.79379940033,61.34130311012268,61.34336042404175,3045.917624473572,4108342072,4108342072,3551377976,1936676440,8260234,48269557645
