NUMBER_OF_NODES,TASKS_PER_NODE,NUM_VPS,THREADS_PER_TASK,SCALE,NUM_VPS,num_tasks,T_network_local,T_network_global_min,T_network_global_max,T_network_global_sum,T_create_min,T_create_max,T_create_sum,T_connect_max,T_connect_min,T_connect_sum,T_ini_min,T_ini_max,T_sim,VSize_sum,VSize_ini_sum,VSize_net_sum,N_spks_sum,N_nrns,N_conns_sum
1,6,36,6,0.0625,36,6,366.00577425956726,65.13551497459412,65.92818140983582,393.77791118621826,306.31995010375977,312.07954239845276,1856.5207834243774,59.20928907394409,53.53051781654358,337.65562748908997,35.89845013618469,35.898821115493774,1150.5223524570465,98138944,98138944,96334536,60539406,258258,1508419407
2,6,72,6,0.125,72,12,356.61359000205994,106.89526271820068,110.5958571434021,1303.9315614700317,295.6945655345917,305.17998456954956,3593.741587638855,60.31484889984131,54.12075972557068,690.1186339855194,37.325812339782715,37.32633090019226,1445.3646326065063,196551216,196311600,192690496,121689362,516391,3016843251
4,6,144,6,0.25,144,24,369.7867383956909,190.3388409614563,196.94979596138,4643.216760873795,300.4323501586914,311.7180104255676,7373.309280157089,64.23411822319031,53.90356707572937,1431.3824729919434,46.24482321739197,46.24527096748352,1686.2286248207092,413722632,412616712,385515048,242533311,1032643,6033690822
8,6,288,6,0.5,288,48,378.1060118675232,352.7330975532532,365.53911566734314,17257.015272140503,305.5271270275116,319.47011375427246,14994.564828157425,69.31168627738953,59.75024604797363,3103.194808959961,43.78646802902222,43.78687596321106,2057.2606897354126,870481560,870481560,793021016,485965655,2065151,12067386057
16,6,576,6,1.0,576,96,420.466433763504,676.7335786819458,696.6306095123291,65816.24130439758,324.46477341651917,348.22932291030884,31948.13683962822,78.20158100128174,67.62195563316345,7066.8987238407135,34.90094017982483,34.90120792388916,66.60108184814453,1679853688,1679853688,1617129464,5574566,4130180,24134776576
32,6,1152,6,2.0,1152,192,447.50643253326416,1371.3480339050293,1416.2163679599762,267365.80097436905,323.66617798805237,363.31410670280457,64469.99495983124,103.30348896980286,90.71665811538696,18671.988614082336,65.48774194717407,65.49001622200012,3395.549432516098,4102113080,4102113080,3550879288,1936676440,8260234,48269557645

