NUMBER_OF_NODES,TASKS_PER_NODE,THREADS_PER_TASK,SCALE,PLASTIC,RULE,NUM_VPS,num_tasks,T_nrns,T_conns_min,T_conns_max,T_conns_sum,T_ini_min,T_ini_max,VSize_nodes_sum,VSize_mem_sum,VSize_ini_sum,VSize_sum,N_nrns,N_conns_sum,d_min,d_max
1,6,6,5,false,,36,6,0.18,44.99,50.64,277.69,35.52,41.17,2460960,77196576,80397324,,500000,2500000000,1.5,1.5
2,6,6,10,false,,72,12,0.21,45.52,51.39,566.8399999999999,35.82,41.68,5385712,154512880,164256688,,1000000,5000000000,1.5,1.5
4,6,6,20,false,,144,24,0.26,47.26,54.42,1169.18,36.77,43.91,10774408,309028744,341486408,,2000000,10000000000,1.5,1.5
8,6,6,40,false,,288,48,0.36,49.82,55.2,2465.5499999999993,39.59,44.96,21552272,618060944,653748568,,4000000,20000000000,1.5,1.5
16,6,6,80,false,,576,96,0.6,54.27,60.07,5361.48,52.93,58.73,43318248,1236335592,1476990328,,8000000,40000000000,1.5,1.5
32,6,6,160,false,,1152,192,1.23,65.91,78.32,12954.699999999997,89.3,101.71,87484184,2473518872,3018125880,,16000000,80000000000,1.5,1.5

