NUMBER_OF_NODES,TASKS_PER_NODE,THREADS_PER_TASK,SCALE,hash,T_nrns,T_conns_avg,T_sim,VSize_sum,N_nrns,N_conns_sum
1,2,12,0.0625,acd429db3b9ab17b5f5391184e500dc6,0.61,275.38,19.89,21605960,77169,345513663
2,2,12,0.125,acd429db3b9ab17b5f5391184e500dc6,0.94,274.955,23.64,43449764,154338,690961118
4,2,12,0.25,acd429db3b9ab17b5f5391184e500dc6,1.73,339.92375000000004,28.7,91284472,308676,1382076915
8,2,12,0.5,acd429db3b9ab17b5f5391184e500dc6,4.06,484.99750000000006,26.74,186989028,617352,2764017366
16,2,12,1.0,acd429db3b9ab17b5f5391184e500dc6,7.92,765.5406249999999,40.55,411247992,1234704,5527838034

