NUMBER_OF_NODES,TASKS_PER_NODE,THREADS_PER_TASK,SCALE,hash,T_nrns,T_conns_avg,T_sim,VSize_sum,N_nrns,N_conns_sum
1,6,4,0.0625,acd429db3b9ab17b5f5391184e500dc6,0.8,222.12166666666667,12.13,23614752,77169,345513663
2,6,4,0.125,acd429db3b9ab17b5f5391184e500dc6,1.28,235.27916666666673,13.22,49554928,154338,690961118
4,6,4,0.25,acd429db3b9ab17b5f5391184e500dc6,2.14,316.7970833333333,15.34,105088904,308676,1382076915
8,6,4,0.5,acd429db3b9ab17b5f5391184e500dc6,3.18,453.0514583333333,21.2,199482776,617352,2764017366
16,6,4,1.0,acd429db3b9ab17b5f5391184e500dc6,7.99,691.9481249999999,27.26,450616824,1234704,5527838034

