NUMBER_OF_NODES,TASKS_PER_NODE,THREADS_PER_TASK,NUM_VPS,SCALE,PLASTIC,T_nrns,T_conns_min,T_conns_max,T_ini_min,T_ini_max,T_equ,T_sim,VSize_sum,N_spks_sum,Rate_sum,N_nrns,N_conns_sum,d_min,d_max
8,36,1,288,160,true,0.57,56.86,60.96,1.07,5.16,9.85,175.29,1105554108,12426400,6.732999999999989,1800000,20251801000,1.5,1.5
8,12,3,288,160,true,0.32,73.37,81.03,1.48,9.15,13.8,198.61,1011344880,12426400,6.733,1800000,20251801000,1.5,1.5
8,9,4,288,160,true,0.91,76.12,84.61,1.52,10.01,14.96,211.8,1004404680,12426400,6.733000000000001,1800000,20251801000,1.5,1.5
8,6,6,288,160,true,1.1,78.56,84.71,1.42,7.58,14.38,205.2,998987952,12426400,6.7330000000000005,1800000,20251801000,1.5,1.5
8,4,9,288,160,true,0.55,79.7,83.56,1.53,5.39,14.2,204.98,995817752,12426400,6.732999999999999,1800000,20251801000,1.5,1.5
8,2,18,288,160,true,1.18,82.91,87.81,1.46,6.37,14.49,208.15,1003855384,12426400,6.7330000000000005,1800000,20251801000,1.5,1.5

