NUMBER_OF_NODES,TASKS_PER_NODE,THREADS_PER_TASK,NUM_VPS,SCALE,PLASTIC,T_nrns,T_conns_min,T_conns_max,T_ini_min,T_ini_max,T_equ,T_sim,VSize_sum,N_spks_sum,Rate_sum,N_nrns,N_conns_sum,d_min,d_max
1,24,1,24,20,true,0.1,36.11,36.94,33.58,34.43,12.33,17.01,108664800,155240,6.960000000000001,225000,2531476000,1.5,1.5
2,24,1,48,40,true,0.12,36.09,36.9,35.34,36.15,13.24,17.32,254238928,307411,6.690000000000001,450000,5062951000,1.5,1.5
4,24,1,96,80,true,0.58,35.93,36.86,38.17,39.11,13.54,18.32,508691560,634936,7.009999999999998,900000,10125901000,1.5,1.5
8,24,1,192,160,true,0.21,36.01,37.06,40.78,42.0,14.12,19.48,1045363096,1266449,7.39999999999999,1800000,20251801000,1.5,1.5
16,24,1,384,320,true,0.18,36.02,37.26,44.57,45.86,16.13,21.3,2097372280,2475167,6.669999999999967,3600000,40503601000,1.5,1.5

