NUMBER_OF_NODES,TASKS_PER_NODE,THREADS_PER_TASK,NUM_VPS,SCALE,PLASTIC,T_nrns,T_conns_min,T_conns_max,T_ini_min,T_ini_max,T_equ,T_sim,VSize_sum,N_spks_sum,Rate_sum,N_nrns,N_conns_sum,d_min,d_max
1,3,8,24,20,true,0.64,87.25,98.54,96.76,108.02,24.04,30.46,103768224,155240,6.96,225000,2531476000,1.5,1.5
2,3,8,48,40,true,0.61,87.32,98.38,97.99,109.08,25.51,31.31,207634176,307411,6.690000000000001,450000,5062951000,1.5,1.5
4,3,8,96,80,true,0.62,88.5,98.57,105.97,116.05,26.18,33.12,416155432,634936,7.010000000000001,900000,10125901000,1.5,1.5
8,3,8,192,160,true,0.66,87.8,99.3,118.03,129.54,26.98,34.16,852823288,1266449,7.3999999999999995,1800000,20251801000,1.5,1.5
16,3,8,384,320,true,0.64,86.1,101.47,136.84,152.23,27.3,34.62,1888055032,2475167,6.670000000000002,3600000,40503601000,1.5,1.5

