NUMBER_OF_NODES,TASKS_PER_NODE,THREADS_PER_TASK,NUM_VPS,SCALE,PLASTIC,T_nrns,T_conns_min,T_conns_max,T_ini_min,T_ini_max,T_equ,T_sim,VSize_sum,N_spks_sum,Rate_sum,N_nrns,N_conns_sum,d_min,d_max
8,36,1,288,160,true,0.46,25.43,27.78,30.74,33.09,10.62,159.97,987499260,12512534,6.850999999999989,1800000,20251801000,1.5,1.5
8,12,3,288,160,true,0.32,42.83,48.39,50.51,56.01,14.28,200.43,796523824,12512534,6.850999999999998,1800000,20251801000,1.5,1.5
8,9,4,288,160,true,0.5,55.49,61.94,55.16,61.51,15.49,214.63,781575668,12512534,6.851000000000003,1800000,20251801000,1.5,1.5
8,6,6,288,160,true,0.48,57.81,62.96,63.44,68.63,15.61,209.4,741658636,12512534,6.850999999999999,1800000,20251801000,1.5,1.5
8,4,9,288,160,true,0.64,59.13,65.35,77.39,83.59,15.01,207.77,728784396,12512534,6.851000000000002,1800000,20251801000,1.5,1.5
8,2,18,288,160,true,1.27,75.51,90.66,130.21,145.33,15.72,211.09,730957964,12512534,6.851,1800000,20251801000,1.5,1.5

