NUMBER_OF_NODES,TASKS_PER_NODE,THREADS_PER_TASK,NUM_VPS,SCALE,PLASTIC,T_nrns,T_conns_min,T_conns_max,T_ini_min,T_ini_max,T_equ,T_sim,VSize_sum,N_spks_sum,Rate_sum,N_nrns,N_conns_sum,d_min,d_max
1,6,4,24,20,true,0.3,73.54,80.66,74.75,81.84,18.64,23.73,104721696,155240,6.960000000000001,225000,2531476000,1.5,1.5
2,6,4,48,40,true,0.37,74.88,81.48,68.78,75.39,20.4,24.95,211971568,307411,6.69,450000,5062951000,1.5,1.5
4,6,4,96,80,true,0.4,74.74,83.42,68.24,76.92,20.31,26.17,433026952,634936,7.009999999999999,900000,10125901000,1.5,1.5
8,6,4,192,160,true,0.38,74.96,83.02,79.7,87.75,20.77,26.69,905932184,1266449,7.4,1800000,20251801000,1.5,1.5
16,6,4,384,320,true,0.39,74.45,82.57,91.47,99.58,22.89,28.77,1909198328,2475167,6.669999999999998,3600000,40503601000,1.5,1.5

