NUMBER_OF_NODES,TASKS_PER_NODE,THREADS_PER_TASK,NUM_VPS,SCALE,PLASTIC,T_nrns,T_conns_min,T_conns_max,T_ini_min,T_ini_max,T_equ,T_sim,VSize_sum,N_spks_sum,Rate_sum,N_nrns,N_conns_sum,d_min,d_max
8,36,1,288,160,true,0.14,57.79,62.29,1.1,5.61,9.8,177.89,958799676,12518262,6.845999999999992,1800000,20251801000,1.5,1.5
8,12,3,288,160,true,0.23,74.64,81.98,1.32,8.66,13.72,199.93,867065712,12518262,6.8459999999999965,1800000,20251801000,1.5,1.5
8,9,4,288,160,true,0.49,,,,,,,,,,,,,
8,6,6,288,160,true,0.39,80.88,88.2,1.59,8.91,14.32,207.34,855381360,12518262,6.845999999999997,1800000,20251801000,1.5,1.5
8,4,9,288,160,true,0.48,81.8,85.36,1.86,5.4,14.14,205.37,852435352,12518262,6.845999999999999,1800000,20251801000,1.5,1.5
8,2,18,288,160,true,0.88,85.24,88.77,1.48,5.02,14.53,209.08,849617496,12518262,6.846,1800000,20251801000,1.5,1.5

