NUMBER_OF_NODES,TASKS_PER_NODE,THREADS_PER_TASK,NUM_VPS,SCALE,PLASTIC,T_nrns,T_conns_min,T_conns_max,T_ini_min,T_ini_max,T_equ,T_sim,VSize_sum,N_spks_sum,Rate_sum,N_nrns,N_conns_sum,d_min,d_max
8,36,1,288,160,true,0.28,20.5,22.09,28.67,30.26,12.63,260.12,1321008920,12419263,6.733999999999991,1800000,20251801000,1.5,1.5
8,12,3,288,160,true,0.39,34.03,43.05,39.39,48.41,16.16,269.92,1189727512,12419263,6.734000000000001,1800000,20251801000,1.5,1.5
8,9,4,288,160,true,0.32,43.84,45.49,45.7,47.34,17.28,273.78,1174305304,12422369,6.890000000000002,1800000,20251801000,1.5,1.5
8,6,6,288,160,true,0.4,46.56,51.29,52.44,57.18,17.19,278.49,1159651672,12419263,6.734,1800000,20251801000,1.5,1.5
8,4,9,288,160,true,0.52,49.27,51.66,58.12,60.46,17.73,276.64,1152208792,12419263,6.733999999999999,1800000,20251801000,1.5,1.5
8,2,18,288,160,true,0.88,62.13,64.68,104.65,107.21,17.53,283.68,1144559960,12419263,6.734000000000001,1800000,20251801000,1.5,1.5

