NUMBER_OF_NODES,TASKS_PER_NODE,THREADS_PER_TASK,NUM_VPS,SCALE,PLASTIC,T_nrns,T_conns_min,T_conns_max,T_ini_min,T_ini_max,T_equ,T_sim,VSize_sum,N_spks_sum,Rate_sum,N_nrns,N_conns_sum,d_min,d_max
8,36,1,288,80,true,0.84,13.68,14.38,14.09,14.8,3.72,54.6,1003544472,6265548,6.962999999999995,900000,10125901000,1.5,1.5
8,12,3,288,80,true,0.16,23.88,30.42,20.78,27.32,5.01,75.55,804216472,6265548,6.963000000000003,900000,10125901000,1.5,1.5
8,9,4,288,80,true,0.2,29.97,32.8,25.34,28.18,5.4,81.16,792391992,6265548,6.963000000000002,900000,10125901000,1.5,1.5
8,6,6,288,80,true,0.32,31.98,35.6,26.22,29.82,5.29,77.91,791420440,6265548,6.962999999999998,900000,10125901000,1.5,1.5
8,4,9,288,80,true,0.33,36.11,39.72,32.95,36.56,5.38,82.71,822735256,6260597,6.926999999999999,900000,10125901000,1.5,1.5
8,2,18,288,80,true,0.58,49.1,58.19,54.9,63.93,6.9,82.3,766543320,6265548,6.963,900000,10125901000,1.5,1.5

