NUMBER_OF_NODES,TASKS_PER_NODE,THREADS_PER_TASK,NUM_VPS,SCALE,PLASTIC,T_nrns,T_conns_min,T_conns_max,T_ini_min,T_ini_max,T_equ,T_sim,VSize_sum,N_spks_sum,Rate_sum,N_nrns,N_conns_sum,d_min,d_max
1,2,12,24,20,true,0.91,107.14,111.42,122.0,126.24,19.59,24.82,101868648,155240,6.96,225000,2531476000,1.5,1.5
2,2,12,48,40,true,0.88,102.75,108.68,125.65,131.58,21.31,25.67,203051508,307411,6.6899999999999995,450000,5062951000,1.5,1.5
4,2,12,96,80,true,0.86,101.59,112.1,121.53,132.01,20.89,26.81,406860456,634936,7.009999999999999,900000,10125901000,1.5,1.5
8,2,12,192,160,true,0.87,104.13,115.59,141.27,152.73,22.32,27.97,838010712,1266449,7.400000000000001,1800000,20251801000,1.5,1.5
16,2,12,384,320,true,0.95,101.93,117.72,177.69,193.49,23.49,29.19,1882060152,2475167,6.670000000000002,3600000,40503601000,1.5,1.5

