NUMBER_OF_NODES,TASKS_PER_NODE,THREADS_PER_TASK,NUM_VPS,SCALE,PLASTIC,T_nrns,T_conns_min,T_conns_max,T_ini_min,T_ini_max,T_equ,T_sim,VSize_sum,N_spks_sum,Rate_sum,N_nrns,N_conns_sum,d_min,d_max
1,2,12,24,20,true,0.87,104.32,110.07,126.41,132.18,19.74,282.66,101868648,1587550,7.1,225000,2531476000,1.5,1.5
2,2,12,48,40,true,0.89,104.86,109.87,126.8,131.78,20.87,286.84,203051504,3138865,6.87,450000,5062951000,1.5,1.5
4,2,12,96,80,true,0.94,100.53,108.17,124.65,132.24,26.56,295.36,410024616,6249051,6.803999999999999,900000,10125901000,1.5,1.5
8,2,12,192,160,true,0.89,103.76,113.9,141.59,151.74,22.88,306.26,838053720,12473473,6.964000000000001,1800000,20251801000,1.5,1.5
16,2,12,384,320,true,1.04,102.49,117.42,178.4,193.34,25.27,334.49,1882170744,24926540,6.8790000000000004,3600000,40503601000,1.5,1.5

