NUMBER_OF_NODES,TASKS_PER_NODE,THREADS_PER_TASK,NUM_VPS,SCALE,PLASTIC,T_nrns,T_conns_min,T_conns_max,T_ini_min,T_ini_max,T_equ,T_sim,VSize_sum,N_spks_sum,Rate_sum,N_nrns,N_conns_sum,d_min,d_max
8,36,1,288,160,true,0.5,24.64,26.48,30.5,32.36,10.61,192.97,1222915480,12512534,6.85099999999999,1800000,20251801000,1.5,1.5
8,12,3,288,160,true,0.28,43.72,52.7,48.23,57.15,14.29,200.62,993400984,12507695,6.875000000000002,1800000,20251801000,1.5,1.5
8,9,4,288,160,true,0.3,52.82,58.14,57.05,62.37,15.78,215.01,989935288,12512534,6.851000000000004,1800000,20251801000,1.5,1.5
8,6,6,288,160,true,0.42,57.28,62.36,60.58,65.66,14.95,210.5,879023896,12512534,6.850999999999998,1800000,20251801000,1.5,1.5
8,4,9,288,160,true,0.46,64.5,71.48,75.58,82.55,16.01,213.62,864894848,12512534,6.851,1800000,20251801000,1.5,1.5
8,2,18,288,160,true,0.9,86.99,98.33,141.01,152.35,15.48,215.94,858372308,12512534,6.850999999999999,1800000,20251801000,1.5,1.5

