NUMBER_OF_NODES,TASKS_PER_NODE,THREADS_PER_TASK,NUM_VPS,SCALE,PLASTIC,T_nrns,T_conns_min,T_conns_max,T_ini_min,T_ini_max,T_equ,T_sim,VSize_sum,N_spks_sum,Rate_sum,N_nrns,N_conns_sum,d_min,d_max
1,6,4,24,20,true,0.39,75.88,77.65,64.8,66.57,18.59,271.91,104752416,1587550,7.1000000000000005,225000,2531476000,1.5,1.5
2,6,4,48,40,true,1.04,75.26,81.63,70.78,77.05,20.21,284.95,214484464,3138865,6.87,450000,5062951000,1.5,1.5
4,6,4,96,80,true,0.39,74.65,82.32,75.48,83.15,20.42,288.77,428892040,6249051,6.803999999999999,900000,10125901000,1.5,1.5
8,6,4,192,160,true,0.38,75.04,82.2,76.03,83.21,20.84,294.44,904560024,12503580,6.879000000000001,1800000,20251801000,1.5,1.5
16,6,4,384,320,true,0.44,74.82,82.8,85.81,93.79,22.52,315.76,954598104,12464886,3.503,3600000,20251800520,1.5,1.5

