NUMBER_OF_NODES,TASKS_PER_NODE,THREADS_PER_TASK,NUM_VPS,SCALE,PLASTIC,T_nrns,T_conns_min,T_conns_max,T_ini_min,T_ini_max,T_equ,T_sim,VSize_sum,N_spks_sum,Rate_sum,N_nrns,N_conns_sum,d_min,d_max
1,36,1,36,20,true,0.12,24.42,25.02,25.77,26.37,10.13,143.33,126559440,1608648,7.046999999999999,225000,2531476000,1.5,1.5
1,12,3,36,20,true,0.19,43.4,51.1,42.28,49.88,12.38,183.09,109314720,1608648,7.047,225000,2531476000,1.5,1.5
1,9,4,36,20,true,0.31,54.94,57.12,49.05,51.25,14.18,196.56,107936916,1608648,7.047000000000001,225000,2531476000,1.5,1.5
1,6,6,36,20,true,0.46,58.99,61.39,53.2,55.61,13.41,193.82,106362192,1608648,7.047000000000001,225000,2531476000,1.5,1.5
1,4,8,36,20,true,0.66,72.22,74.53,80.9,83.25,26.83,352.62,106113816,1608648,7.047,225000,2531476000,1.5,1.5
1,4,9,36,20,true,0.46,62.66,65.47,71.18,74.01,12.82,187.96,105655064,1608648,7.047000000000001,225000,2531476000,1.5,1.5
1,3,12,36,20,true,0.68,72.98,73.88,92.27,93.16,16.54,237.8,105283872,1608648,7.047000000000001,225000,2531476000,1.5,1.5
1,2,18,36,20,true,0.94,86.48,87.61,103.28,104.38,13.92,200.91,106068948,1608648,7.047000000000001,225000,2531476000,1.5,1.5

